Spain, Life tables (period 1x5), Total	Last modified: 20 Feb 2025;  Methods Protocol: v6 (2017)

  Year          Age         mx       qx    ax      lx      dx      Lx       Tx     ex
1908-1909        0      0.17754  0.15806  0.31  100000   15806   89028  4125452  41.25
1908-1909        1      0.08260  0.07933  0.50   84194    6679   80854  4036424  47.94
1908-1909        2      0.04379  0.04286  0.50   77515    3322   75854  3955570  51.03
1908-1909        3      0.02495  0.02465  0.50   74193    1829   73278  3879716  52.29
1908-1909        4      0.01656  0.01642  0.50   72364    1188   71770  3806438  52.60
1908-1909        5      0.01083  0.01077  0.50   71176     767   70793  3734668  52.47
1908-1909        6      0.00889  0.00885  0.50   70409     623   70098  3663875  52.04
1908-1909        7      0.00603  0.00601  0.50   69786     419   69577  3593777  51.50
1908-1909        8      0.00461  0.00460  0.50   69367     319   69207  3524201  50.81
1908-1909        9      0.00376  0.00376  0.50   69048     259   68918  3454993  50.04
1908-1909       10      0.00351  0.00351  0.50   68789     241   68668  3386075  49.22
1908-1909       11      0.00323  0.00322  0.50   68547     221   68437  3317407  48.40
1908-1909       12      0.00348  0.00348  0.50   68327     237   68208  3248970  47.55
1908-1909       13      0.00357  0.00357  0.50   68089     243   67968  3180762  46.71
1908-1909       14      0.00429  0.00428  0.50   67846     291   67701  3112794  45.88
1908-1909       15      0.00430  0.00429  0.50   67556     290   67411  3045093  45.08
1908-1909       16      0.00487  0.00486  0.50   67266     327   67102  2977683  44.27
1908-1909       17      0.00591  0.00589  0.50   66939     394   66742  2910580  43.48
1908-1909       18      0.00715  0.00712  0.50   66545     474   66307  2843839  42.74
1908-1909       19      0.00665  0.00663  0.50   66070     438   65851  2777531  42.04
1908-1909       20      0.00725  0.00722  0.50   65633     474   65396  2711680  41.32
1908-1909       21      0.00641  0.00639  0.50   65159     416   64951  2646284  40.61
1908-1909       22      0.00829  0.00825  0.50   64743     534   64475  2581334  39.87
1908-1909       23      0.00781  0.00778  0.50   64208     500   63959  2516858  39.20
1908-1909       24      0.00825  0.00822  0.50   63709     524   63447  2452900  38.50
1908-1909       25      0.00810  0.00807  0.50   63185     510   62930  2389452  37.82
1908-1909       26      0.00808  0.00805  0.50   62675     504   62423  2326522  37.12
1908-1909       27      0.00706  0.00703  0.50   62171     437   61952  2264099  36.42
1908-1909       28      0.00791  0.00788  0.50   61734     487   61490  2202147  35.67
1908-1909       29      0.00661  0.00659  0.50   61247     403   61045  2140656  34.95
1908-1909       30      0.01233  0.01226  0.50   60844     746   60471  2079611  34.18
1908-1909       31      0.00607  0.00605  0.50   60098     363   59916  2019140  33.60
1908-1909       32      0.00936  0.00932  0.50   59735     557   59456  1959224  32.80
1908-1909       33      0.00842  0.00838  0.50   59178     496   58930  1899768  32.10
1908-1909       34      0.00870  0.00866  0.50   58682     508   58427  1840838  31.37
1908-1909       35      0.00998  0.00993  0.50   58173     578   57884  1782411  30.64
1908-1909       36      0.01016  0.01011  0.50   57596     582   57305  1724526  29.94
1908-1909       37      0.00700  0.00698  0.50   57014     398   56815  1667221  29.24
1908-1909       38      0.00819  0.00815  0.50   56616     462   56385  1610407  28.44
1908-1909       39      0.00705  0.00702  0.50   56154     394   55957  1554022  27.67
1908-1909       40      0.01922  0.01904  0.50   55760    1062   55229  1498065  26.87
1908-1909       41      0.00738  0.00735  0.50   54698     402   54497  1442836  26.38
1908-1909       42      0.01228  0.01220  0.50   54296     663   53965  1388339  25.57
1908-1909       43      0.00829  0.00825  0.50   53633     443   53412  1334374  24.88
1908-1909       44      0.01121  0.01115  0.50   53191     593   52894  1280962  24.08
1908-1909       45      0.01509  0.01498  0.50   52598     788   52204  1228068  23.35
1908-1909       46      0.01284  0.01276  0.50   51810     661   51479  1175864  22.70
1908-1909       47      0.00914  0.00910  0.50   51149     465   50916  1124385  21.98
1908-1909       48      0.01151  0.01144  0.50   50684     580   50394  1073468  21.18
1908-1909       49      0.01015  0.01009  0.50   50104     506   49851  1023075  20.42
1908-1909       50      0.03019  0.02974  0.50   49598    1475   48860   973224  19.62
1908-1909       51      0.01155  0.01148  0.50   48123     553   47847   924363  19.21
1908-1909       52      0.01824  0.01808  0.50   47570     860   47140   876517  18.43
1908-1909       53      0.01350  0.01341  0.50   46710     627   46397   829376  17.76
1908-1909       54      0.01957  0.01938  0.50   46084     893   45637   782979  16.99
1908-1909       55      0.02356  0.02329  0.50   45191    1052   44665   737342  16.32
1908-1909       56      0.02488  0.02458  0.50   44139    1085   43596   692677  15.69
1908-1909       57      0.01561  0.01549  0.50   43054     667   42720   649081  15.08
1908-1909       58      0.01856  0.01839  0.50   42387     780   41997   606361  14.31
1908-1909       59      0.01755  0.01739  0.50   41607     724   41246   564363  13.56
1908-1909       60      0.07014  0.06776  0.50   40884    2770   39499   523118  12.80
1908-1909       61      0.02333  0.02306  0.50   38113     879   37674   483619  12.69
1908-1909       62      0.03885  0.03811  0.50   37234    1419   36525   445945  11.98
1908-1909       63      0.03253  0.03201  0.50   35816    1146   35242   409420  11.43
1908-1909       64      0.04747  0.04637  0.50   34669    1608   33865   374178  10.79
1908-1909       65      0.05893  0.05724  0.50   33062    1893   32115   340313  10.29
1908-1909       66      0.05886  0.05718  0.50   31169    1782   30278   308197   9.89
1908-1909       67      0.04252  0.04163  0.50   29387    1223   28775   277919   9.46
1908-1909       68      0.04970  0.04849  0.50   28163    1366   27481   249144   8.85
1908-1909       69      0.03806  0.03735  0.50   26798    1001   26297   221664   8.27
1908-1909       70      0.18363  0.16819  0.50   25797    4339   23627   195366   7.57
1908-1909       71      0.05610  0.05457  0.50   21458    1171   20873   171739   8.00
1908-1909       72      0.10221  0.09724  0.50   20287    1973   19301   150866   7.44
1908-1909       73      0.07859  0.07562  0.50   18314    1385   17622   131565   7.18
1908-1909       74      0.10742  0.10194  0.50   16930    1726   16067   113943   6.73
1908-1909       75      0.14759  0.13745  0.50   15204    2090   14159    97877   6.44
1908-1909       76      0.13679  0.12803  0.50   13114    1679   12274    83718   6.38
1908-1909       77      0.10708  0.10164  0.50   11435    1162   10854    71443   6.25
1908-1909       78      0.13227  0.12406  0.50   10273    1274    9635    60590   5.90
1908-1909       79      0.09400  0.08978  0.50    8998     808    8594    50954   5.66
1908-1909       80      0.26696  0.23552  0.50    8190    1929    7226    42360   5.17
1908-1909       81      0.08513  0.08166  0.50    6261     511    6006    35134   5.61
1908-1909       82      0.15955  0.14776  0.50    5750     850    5325    29128   5.07
1908-1909       83      0.13204  0.12386  0.50    4900     607    4597    23803   4.86
1908-1909       84      0.21341  0.19283  0.50    4293     828    3880    19206   4.47
1908-1909       85      0.21432  0.19358  0.50    3466     671    3130    15327   4.42
1908-1909       86      0.21165  0.19139  0.50    2795     535    2527    12196   4.36
1908-1909       87      0.19084  0.17422  0.50    2260     394    2063     9669   4.28
1908-1909       88      0.24171  0.21565  0.50    1866     402    1665     7606   4.08
1908-1909       89      0.19053  0.17395  0.50    1464     255    1336     5941   4.06
1908-1909       90      0.40284  0.33530  0.50    1209     405    1006     4605   3.81
1908-1909       91      0.14006  0.13090  0.50     804     105     751     3598   4.48
1908-1909       92      0.20788  0.18830  0.50     698     132     633     2847   4.08
1908-1909       93      0.20390  0.18503  0.50     567     105     514     2215   3.91
1908-1909       94      0.23966  0.21401  0.50     462      99     413     1700   3.68
1908-1909       95      0.26306  0.23248  0.50     363      84     321     1288   3.55
1908-1909       96      0.26974  0.23768  0.50     279      66     246      967   3.47
1908-1909       97      0.27645  0.24288  0.50     212      52     187      721   3.39
1908-1909       98      0.28320  0.24807  0.50     161      40     141      534   3.32
1908-1909       99      0.28999  0.25327  0.50     121      31     106      393   3.25
1908-1909      100      0.29681  0.25845  0.50      90      23      79      288   3.19
1908-1909      101      0.30367  0.26364  0.50      67      18      58      209   3.12
1908-1909      102      0.31057  0.26882  0.50      49      13      43      151   3.06
1908-1909      103      0.31750  0.27400  0.50      36      10      31      108   3.00
1908-1909      104      0.32448  0.27919  0.50      26       7      23       77   2.95
1908-1909      105      0.33150  0.28437  0.50      19       5      16       55   2.90
1908-1909      106      0.33858  0.28956  0.50      14       4      12       38   2.85
1908-1909      107      0.34570  0.29475  0.50      10       3       8       27   2.80
1908-1909      108      0.35289  0.29996  0.50       7       2       6       19   2.77
1908-1909      109      0.36013  0.30518  0.50       5       1       4       13   2.74
1908-1909      110+     0.36744  1.00000  2.72       3       3       9        9   2.72
1910-1914        0      0.17584  0.15672  0.31  100000   15672   89121  4209600  42.10
1910-1914        1      0.08157  0.07837  0.50   84328    6609   81024  4120478  48.86
1910-1914        2      0.04285  0.04195  0.50   77720    3261   76089  4039454  51.97
1910-1914        3      0.02455  0.02425  0.50   74459    1805   73556  3963365  53.23
1910-1914        4      0.01580  0.01567  0.50   72654    1139   72084  3889809  53.54
1910-1914        5      0.01068  0.01062  0.50   71515     760   71135  3817724  53.38
1910-1914        6      0.00846  0.00842  0.50   70755     596   70457  3746589  52.95
1910-1914        7      0.00581  0.00579  0.50   70159     406   69956  3676132  52.40
1910-1914        8      0.00458  0.00457  0.50   69753     319   69594  3606176  51.70
1910-1914        9      0.00392  0.00391  0.50   69434     271   69299  3536582  50.93
1910-1914       10      0.00368  0.00368  0.50   69163     254   69036  3467283  50.13
1910-1914       11      0.00320  0.00320  0.50   68909     220   68798  3398248  49.32
1910-1914       12      0.00332  0.00331  0.50   68688     228   68574  3329449  48.47
1910-1914       13      0.00325  0.00324  0.50   68461     222   68350  3260875  47.63
1910-1914       14      0.00382  0.00381  0.50   68239     260   68109  3192525  46.78
1910-1914       15      0.00421  0.00420  0.50   67979     285   67836  3124417  45.96
1910-1914       16      0.00474  0.00473  0.50   67693     320   67533  3056581  45.15
1910-1914       17      0.00568  0.00567  0.50   67373     382   67182  2989048  44.37
1910-1914       18      0.00654  0.00652  0.50   66991     436   66773  2921865  43.62
1910-1914       19      0.00608  0.00606  0.50   66555     403   66353  2855093  42.90
1910-1914       20      0.00691  0.00688  0.50   66151     455   65924  2788739  42.16
1910-1914       21      0.00624  0.00622  0.50   65696     408   65492  2722816  41.45
1910-1914       22      0.00791  0.00788  0.50   65288     514   65031  2657324  40.70
1910-1914       23      0.00754  0.00751  0.50   64773     486   64530  2592293  40.02
1910-1914       24      0.00763  0.00760  0.50   64287     488   64043  2527763  39.32
1910-1914       25      0.00747  0.00744  0.50   63799     475   63561  2463720  38.62
1910-1914       26      0.00749  0.00746  0.50   63324     472   63088  2400159  37.90
1910-1914       27      0.00710  0.00707  0.50   62852     444   62629  2337071  37.18
1910-1914       28      0.00826  0.00823  0.50   62407     513   62150  2274442  36.45
1910-1914       29      0.00582  0.00581  0.50   61894     359   61714  2212291  35.74
1910-1914       30      0.00940  0.00935  0.50   61534     575   61247  2150577  34.95
1910-1914       31      0.00520  0.00519  0.50   60959     316   60801  2089331  34.27
1910-1914       32      0.00815  0.00812  0.50   60643     493   60396  2028530  33.45
1910-1914       33      0.00794  0.00791  0.50   60150     476   59912  1968134  32.72
1910-1914       34      0.00855  0.00851  0.50   59674     508   59420  1908222  31.98
1910-1914       35      0.00929  0.00925  0.50   59167     547   58893  1848801  31.25
1910-1914       36      0.00931  0.00926  0.50   58620     543   58348  1789908  30.53
1910-1914       37      0.00769  0.00766  0.50   58077     445   57854  1731560  29.82
1910-1914       38      0.00985  0.00980  0.50   57632     565   57349  1673706  29.04
1910-1914       39      0.00696  0.00693  0.50   57067     396   56869  1616357  28.32
1910-1914       40      0.01431  0.01421  0.50   56671     805   56269  1559488  27.52
1910-1914       41      0.00613  0.00612  0.50   55866     342   55695  1503219  26.91
1910-1914       42      0.01088  0.01082  0.50   55524     601   55224  1447524  26.07
1910-1914       43      0.00807  0.00803  0.50   54924     441   54703  1392300  25.35
1910-1914       44      0.01084  0.01078  0.50   54482     587   54189  1337597  24.55
1910-1914       45      0.01399  0.01389  0.50   53895     749   53521  1283408  23.81
1910-1914       46      0.01174  0.01167  0.50   53147     620   52836  1229887  23.14
1910-1914       47      0.01006  0.01001  0.50   52526     526   52264  1177050  22.41
1910-1914       48      0.01410  0.01400  0.50   52001     728   51637  1124787  21.63
1910-1914       49      0.00959  0.00954  0.50   51273     489   51028  1073150  20.93
1910-1914       50      0.02205  0.02181  0.50   50784    1108   50230  1022122  20.13
1910-1914       51      0.00932  0.00928  0.50   49676     461   49445   971892  19.56
1910-1914       52      0.01635  0.01621  0.50   49215     798   48816   922446  18.74
1910-1914       53      0.01315  0.01306  0.50   48417     632   48101   873630  18.04
1910-1914       54      0.01850  0.01833  0.50   47784     876   47347   825530  17.28
1910-1914       55      0.02203  0.02179  0.50   46909    1022   46397   778183  16.59
1910-1914       56      0.02323  0.02297  0.50   45886    1054   45359   731786  15.95
1910-1914       57      0.01842  0.01825  0.50   44833     818   44423   686426  15.31
1910-1914       58      0.02637  0.02602  0.50   44014    1145   43442   642003  14.59
1910-1914       59      0.01804  0.01788  0.50   42869     767   42486   598561  13.96
1910-1914       60      0.05111  0.04983  0.50   42102    2098   41053   556076  13.21
1910-1914       61      0.01899  0.01882  0.50   40004     753   39628   515023  12.87
1910-1914       62      0.03487  0.03427  0.50   39252    1345   38579   475395  12.11
1910-1914       63      0.03147  0.03098  0.50   37906    1174   37319   436816  11.52
1910-1914       64      0.04432  0.04336  0.50   36732    1593   35936   399497  10.88
1910-1914       65      0.05683  0.05526  0.50   35139    1942   34168   363561  10.35
1910-1914       66      0.05336  0.05198  0.50   33198    1725   32335   329393   9.92
1910-1914       67      0.04738  0.04628  0.50   31472    1457   30744   297058   9.44
1910-1914       68      0.06277  0.06086  0.50   30016    1827   29102   266314   8.87
1910-1914       69      0.04012  0.03933  0.50   28189    1109   27635   237212   8.42
1910-1914       70      0.13075  0.12273  0.50   27080    3324   25418   209577   7.74
1910-1914       71      0.04529  0.04428  0.50   23757    1052   23231   184159   7.75
1910-1914       72      0.09190  0.08787  0.50   22705    1995   21707   160928   7.09
1910-1914       73      0.08178  0.07856  0.50   20710    1627   19896   139221   6.72
1910-1914       74      0.11418  0.10802  0.50   19083    2061   18052   119325   6.25
1910-1914       75      0.15969  0.14788  0.50   17021    2517   15763   101273   5.95
1910-1914       76      0.14692  0.13687  0.50   14504    1985   13512    85510   5.90
1910-1914       77      0.13349  0.12513  0.50   12519    1567   11736    71999   5.75
1910-1914       78      0.19324  0.17621  0.50   10952    1930    9987    60263   5.50
1910-1914       79      0.10786  0.10234  0.50    9022     923    8561    50275   5.57
1910-1914       80      0.26060  0.23056  0.50    8099    1867    7165    41715   5.15
1910-1914       81      0.08780  0.08410  0.50    6232     524    5970    34549   5.54
1910-1914       82      0.15955  0.14776  0.50    5708     843    5286    28579   5.01
1910-1914       83      0.12920  0.12136  0.50    4864     590    4569    23293   4.79
1910-1914       84      0.21193  0.19162  0.50    4274     819    3864    18724   4.38
1910-1914       85      0.21449  0.19372  0.50    3455     669    3120    14860   4.30
1910-1914       86      0.22442  0.20178  0.50    2786     562    2505    11739   4.21
1910-1914       87      0.19278  0.17583  0.50    2224     391    2028     9235   4.15
1910-1914       88      0.25211  0.22388  0.50    1833     410    1627     7207   3.93
1910-1914       89      0.17742  0.16297  0.50    1422     232    1306     5579   3.92
1910-1914       90      0.41840  0.34601  0.50    1191     412     985     4273   3.59
1910-1914       91      0.14462  0.13486  0.50     779     105     726     3288   4.22
1910-1914       92      0.24277  0.21649  0.50     674     146     601     2562   3.80
1910-1914       93      0.20490  0.18586  0.50     528      98     479     1961   3.72
1910-1914       94      0.25286  0.22448  0.50     430      96     381     1483   3.45
1910-1914       95      0.28026  0.24581  0.50     333      82     292     1101   3.30
1910-1914       96      0.28879  0.25235  0.50     251      63     220      809   3.22
1910-1914       97      0.29741  0.25891  0.50     188      49     164      589   3.14
1910-1914       98      0.30610  0.26547  0.50     139      37     121      426   3.06
1910-1914       99      0.31487  0.27204  0.50     102      28      88      305   2.98
1910-1914      100      0.32372  0.27862  0.50      74      21      64      217   2.91
1910-1914      101      0.33263  0.28520  0.50      54      15      46      153   2.84
1910-1914      102      0.34161  0.29177  0.50      38      11      33      107   2.77
1910-1914      103      0.35065  0.29834  0.50      27       8      23       74   2.71
1910-1914      104      0.35975  0.30490  0.50      19       6      16       51   2.65
1910-1914      105      0.36891  0.31146  0.50      13       4      11       34   2.60
1910-1914      106      0.37813  0.31801  0.50       9       3       8       23   2.54
1910-1914      107      0.38741  0.32454  0.50       6       2       5       16   2.50
1910-1914      108      0.39675  0.33107  0.50       4       1       4       10   2.46
1910-1914      109      0.40615  0.33759  0.50       3       1       2        7   2.43
1910-1914      110+     0.41560  1.00000  2.41       2       2       4        4   2.41
1915-1919        0      0.17557  0.15650  0.31  100000   15650   89137  3979694  39.80
1915-1919        1      0.07866  0.07568  0.50   84350    6384   81158  3890557  46.12
1915-1919        2      0.04193  0.04107  0.50   77966    3202   76365  3809399  48.86
1915-1919        3      0.02461  0.02431  0.50   74764    1818   73856  3733034  49.93
1915-1919        4      0.01712  0.01697  0.50   72947    1238   72328  3659178  50.16
1915-1919        5      0.01228  0.01220  0.50   71709     875   71271  3586850  50.02
1915-1919        6      0.01019  0.01013  0.50   70834     718   70475  3515579  49.63
1915-1919        7      0.00710  0.00708  0.50   70116     496   69868  3445104  49.13
1915-1919        8      0.00568  0.00567  0.50   69620     394   69423  3375236  48.48
1915-1919        9      0.00485  0.00484  0.50   69225     335   69058  3305813  47.75
1915-1919       10      0.00463  0.00462  0.50   68890     318   68731  3236755  46.98
1915-1919       11      0.00409  0.00408  0.50   68572     280   68432  3168024  46.20
1915-1919       12      0.00442  0.00441  0.50   68292     301   68142  3099592  45.39
1915-1919       13      0.00420  0.00419  0.50   67991     285   67849  3031450  44.59
1915-1919       14      0.00517  0.00516  0.50   67706     349   67532  2963602  43.77
1915-1919       15      0.00553  0.00552  0.50   67357     372   67171  2896070  43.00
1915-1919       16      0.00622  0.00620  0.50   66985     415   66777  2828899  42.23
1915-1919       17      0.00744  0.00741  0.50   66570     493   66323  2762122  41.49
1915-1919       18      0.00901  0.00897  0.50   66077     593   65780  2695799  40.80
1915-1919       19      0.00798  0.00795  0.50   65484     521   65223  2630019  40.16
1915-1919       20      0.00895  0.00891  0.50   64963     579   64674  2564795  39.48
1915-1919       21      0.00809  0.00806  0.50   64384     519   64125  2500122  38.83
1915-1919       22      0.01076  0.01071  0.50   63865     684   63523  2435997  38.14
1915-1919       23      0.01027  0.01022  0.50   63181     646   62859  2372474  37.55
1915-1919       24      0.01060  0.01054  0.50   62536     659   62206  2309615  36.93
1915-1919       25      0.01079  0.01073  0.50   61877     664   61545  2247409  36.32
1915-1919       26      0.01103  0.01097  0.50   61213     672   60877  2185864  35.71
1915-1919       27      0.01059  0.01053  0.50   60541     638   60222  2124987  35.10
1915-1919       28      0.01224  0.01217  0.50   59904     729   59539  2064765  34.47
1915-1919       29      0.00935  0.00930  0.50   59175     550   58900  2005225  33.89
1915-1919       30      0.01481  0.01470  0.50   58624     862   58193  1946326  33.20
1915-1919       31      0.00771  0.00768  0.50   57762     444   57541  1888133  32.69
1915-1919       32      0.01238  0.01230  0.50   57319     705   56966  1830592  31.94
1915-1919       33      0.01151  0.01144  0.50   56613     648   56290  1773626  31.33
1915-1919       34      0.01111  0.01105  0.50   55966     618   55656  1717336  30.69
1915-1919       35      0.01194  0.01187  0.50   55347     657   55019  1661680  30.02
1915-1919       36      0.01173  0.01167  0.50   54690     638   54371  1606661  29.38
1915-1919       37      0.00923  0.00918  0.50   54052     496   53804  1552290  28.72
1915-1919       38      0.01251  0.01243  0.50   53556     666   53223  1498486  27.98
1915-1919       39      0.00894  0.00890  0.50   52890     471   52655  1445263  27.33
1915-1919       40      0.01957  0.01939  0.50   52419    1016   51911  1392609  26.57
1915-1919       41      0.00783  0.00780  0.50   51403     401   51203  1340698  26.08
1915-1919       42      0.01423  0.01413  0.50   51002     721   50642  1289495  25.28
1915-1919       43      0.01032  0.01027  0.50   50281     516   50023  1238853  24.64
1915-1919       44      0.01223  0.01215  0.50   49765     605   49463  1188830  23.89
1915-1919       45      0.01517  0.01506  0.50   49160     740   48790  1139367  23.18
1915-1919       46      0.01248  0.01241  0.50   48420     601   48120  1090577  22.52
1915-1919       47      0.01072  0.01067  0.50   47819     510   47564  1042457  21.80
1915-1919       48      0.01547  0.01535  0.50   47309     726   46946   994893  21.03
1915-1919       49      0.01131  0.01124  0.50   46583     524   46321   947946  20.35
1915-1919       50      0.02785  0.02747  0.50   46060    1265   45427   901625  19.58
1915-1919       51      0.01115  0.01109  0.50   44795     497   44546   856198  19.11
1915-1919       52      0.01986  0.01967  0.50   44298     871   43862   811652  18.32
1915-1919       53      0.01549  0.01537  0.50   43426     668   43093   767790  17.68
1915-1919       54      0.01918  0.01899  0.50   42759     812   42353   724697  16.95
1915-1919       55      0.02080  0.02059  0.50   41947     864   41515   682344  16.27
1915-1919       56      0.02219  0.02195  0.50   41083     902   40632   640830  15.60
1915-1919       57      0.01791  0.01775  0.50   40181     713   39825   600197  14.94
1915-1919       58      0.02610  0.02577  0.50   39468    1017   38960   560373  14.20
1915-1919       59      0.02026  0.02005  0.50   38451     771   38066   521413  13.56
1915-1919       60      0.06092  0.05912  0.50   37680    2227   36566   483348  12.83
1915-1919       61      0.02250  0.02225  0.50   35453     789   35058   446781  12.60
1915-1919       62      0.04045  0.03965  0.50   34664    1374   33976   411723  11.88
1915-1919       63      0.03686  0.03619  0.50   33289    1205   32687   377747  11.35
1915-1919       64      0.04429  0.04333  0.50   32084    1390   31389   345060  10.75
1915-1919       65      0.05189  0.05058  0.50   30694    1553   29918   313671  10.22
1915-1919       66      0.05026  0.04903  0.50   29142    1429   28427   283753   9.74
1915-1919       67      0.04646  0.04541  0.50   27713    1258   27084   255325   9.21
1915-1919       68      0.06187  0.06002  0.50   26454    1588   25661   228242   8.63
1915-1919       69      0.04354  0.04261  0.50   24867    1060   24337   202581   8.15
1915-1919       70      0.15702  0.14559  0.50   23807    3466   22074   178244   7.49
1915-1919       71      0.05404  0.05261  0.50   20341    1070   19806   156170   7.68
1915-1919       72      0.10550  0.10021  0.50   19271    1931   18305   136364   7.08
1915-1919       73      0.08980  0.08594  0.50   17340    1490   16595   118059   6.81
1915-1919       74      0.10990  0.10417  0.50   15850    1651   15024   101464   6.40
1915-1919       75      0.13719  0.12838  0.50   14198    1823   13287    86440   6.09
1915-1919       76      0.12942  0.12155  0.50   12376    1504   11623    73153   5.91
1915-1919       77      0.12267  0.11558  0.50   10871    1257   10243    61530   5.66
1915-1919       78      0.18101  0.16598  0.50    9615    1596    8817    51287   5.33
1915-1919       79      0.12103  0.11413  0.50    8019     915    7561    42470   5.30
1915-1919       80      0.27097  0.23863  0.50    7104    1695    6256    34909   4.91
1915-1919       81      0.09187  0.08784  0.50    5408     475    5171    28653   5.30
1915-1919       82      0.17332  0.15950  0.50    4933     787    4540    23482   4.76
1915-1919       83      0.13612  0.12745  0.50    4147     528    3882    18942   4.57
1915-1919       84      0.21904  0.19742  0.50    3618     714    3261    15059   4.16
1915-1919       85      0.23665  0.21161  0.50    2904     614    2597    11799   4.06
1915-1919       86      0.22772  0.20444  0.50    2289     468    2055     9202   4.02
1915-1919       87      0.20329  0.18453  0.50    1821     336    1653     7147   3.92
1915-1919       88      0.26139  0.23118  0.50    1485     343    1314     5493   3.70
1915-1919       89      0.18869  0.17242  0.50    1142     197    1043     4180   3.66
1915-1919       90      0.45639  0.37159  0.50     945     351     769     3137   3.32
1915-1919       91      0.15692  0.14551  0.50     594      86     551     2367   3.99
1915-1919       92      0.25601  0.22696  0.50     507     115     450     1817   3.58
1915-1919       93      0.22574  0.20285  0.50     392      80     352     1367   3.48
1915-1919       94      0.26789  0.23624  0.50     313      74     276     1014   3.24
1915-1919       95      0.30056  0.26129  0.50     239      62     208      738   3.09
1915-1919       96      0.30999  0.26839  0.50     176      47     153      531   3.01
1915-1919       97      0.31953  0.27551  0.50     129      36     111      378   2.93
1915-1919       98      0.32915  0.28263  0.50      94      26      80      267   2.85
1915-1919       99      0.33884  0.28975  0.50      67      19      57      187   2.78
1915-1919      100      0.34862  0.29687  0.50      48      14      41      129   2.71
1915-1919      101      0.35846  0.30398  0.50      33      10      28       89   2.64
1915-1919      102      0.36837  0.31107  0.50      23       7      20       60   2.58
1915-1919      103      0.37833  0.31815  0.50      16       5      14       40   2.52
1915-1919      104      0.38836  0.32521  0.50      11       4       9       27   2.46
1915-1919      105      0.39844  0.33225  0.50       7       2       6       18   2.41
1915-1919      106      0.40857  0.33926  0.50       5       2       4       12   2.36
1915-1919      107      0.41875  0.34625  0.50       3       1       3        8   2.31
1915-1919      108      0.42898  0.35322  0.50       2       1       2        5   2.27
1915-1919      109      0.43925  0.36015  0.50       1       0       1        3   2.24
1915-1919      110+     0.44956  1.00000  2.22       1       1       2        2   2.22
1920-1924        0      0.17080  0.15270  0.31  100000   15270   89401  4348336  43.48
1920-1924        1      0.07281  0.07026  0.50   84730    5953   81754  4258935  50.26
1920-1924        2      0.03833  0.03760  0.50   78777    2962   77296  4177182  53.03
1920-1924        3      0.02127  0.02105  0.50   75815    1596   75017  4099885  54.08
1920-1924        4      0.01423  0.01413  0.50   74219    1049   73695  4024868  54.23
1920-1924        5      0.00932  0.00927  0.50   73171     679   72831  3951173  54.00
1920-1924        6      0.00775  0.00772  0.50   72492     560   72212  3878342  53.50
1920-1924        7      0.00521  0.00520  0.50   71932     374   71745  3806130  52.91
1920-1924        8      0.00424  0.00423  0.50   71558     302   71407  3734384  52.19
1920-1924        9      0.00367  0.00366  0.50   71256     261   71125  3662977  51.41
1920-1924       10      0.00347  0.00347  0.50   70995     246   70872  3591852  50.59
1920-1924       11      0.00322  0.00322  0.50   70749     228   70635  3520980  49.77
1920-1924       12      0.00334  0.00334  0.50   70521     235   70404  3450345  48.93
1920-1924       13      0.00330  0.00330  0.50   70286     232   70170  3379941  48.09
1920-1924       14      0.00391  0.00390  0.50   70054     273   69918  3309771  47.25
1920-1924       15      0.00408  0.00407  0.50   69781     284   69639  3239854  46.43
1920-1924       16      0.00456  0.00455  0.50   69497     316   69339  3170215  45.62
1920-1924       17      0.00547  0.00545  0.50   69181     377   68992  3100876  44.82
1920-1924       18      0.00647  0.00645  0.50   68803     444   68581  3031884  44.07
1920-1924       19      0.00606  0.00604  0.50   68359     413   68153  2963303  43.35
1920-1924       20      0.00664  0.00662  0.50   67946     450   67722  2895150  42.61
1920-1924       21      0.00608  0.00606  0.50   67497     409   67292  2827428  41.89
1920-1924       22      0.00780  0.00776  0.50   67088     521   66827  2760136  41.14
1920-1924       23      0.00741  0.00738  0.50   66567     491   66321  2693309  40.46
1920-1924       24      0.00749  0.00747  0.50   66076     493   65829  2626988  39.76
1920-1924       25      0.00749  0.00746  0.50   65582     490   65337  2561159  39.05
1920-1924       26      0.00736  0.00733  0.50   65093     477   64854  2495822  38.34
1920-1924       27      0.00723  0.00720  0.50   64616     465   64383  2430968  37.62
1920-1924       28      0.00823  0.00820  0.50   64150     526   63887  2366585  36.89
1920-1924       29      0.00616  0.00614  0.50   63624     391   63429  2302697  36.19
1920-1924       30      0.00904  0.00900  0.50   63234     569   62949  2239268  35.41
1920-1924       31      0.00509  0.00507  0.50   62665     318   62506  2176319  34.73
1920-1924       32      0.00796  0.00793  0.50   62347     494   62099  2113814  33.90
1920-1924       33      0.00769  0.00766  0.50   61852     474   61615  2051714  33.17
1920-1924       34      0.00794  0.00790  0.50   61379     485   61136  1990099  32.42
1920-1924       35      0.00902  0.00898  0.50   60893     547   60620  1928963  31.68
1920-1924       36      0.00880  0.00876  0.50   60347     529   60083  1868343  30.96
1920-1924       37      0.00769  0.00766  0.50   59818     458   59589  1808260  30.23
1920-1924       38      0.00989  0.00984  0.50   59360     584   59068  1748671  29.46
1920-1924       39      0.00682  0.00679  0.50   58776     399   58576  1689603  28.75
1920-1924       40      0.01349  0.01340  0.50   58376     782   57985  1631027  27.94
1920-1924       41      0.00592  0.00590  0.50   57594     340   57424  1573042  27.31
1920-1924       42      0.01079  0.01073  0.50   57254     614   56947  1515618  26.47
1920-1924       43      0.00801  0.00798  0.50   56640     452   56414  1458671  25.75
1920-1924       44      0.01040  0.01035  0.50   56188     581   55897  1402257  24.96
1920-1924       45      0.01377  0.01368  0.50   55607     761   55226  1346360  24.21
1920-1924       46      0.01134  0.01127  0.50   54846     618   54537  1291134  23.54
1920-1924       47      0.00997  0.00992  0.50   54228     538   53959  1236597  22.80
1920-1924       48      0.01389  0.01379  0.50   53690     741   53319  1182638  22.03
1920-1924       49      0.00968  0.00963  0.50   52949     510   52694  1129319  21.33
1920-1924       50      0.02078  0.02057  0.50   52439    1079   51900  1076625  20.53
1920-1924       51      0.00894  0.00890  0.50   51360     457   51132  1024725  19.95
1920-1924       52      0.01602  0.01589  0.50   50903     809   50499   973593  19.13
1920-1924       53      0.01305  0.01297  0.50   50094     650   49769   923094  18.43
1920-1924       54      0.01751  0.01736  0.50   49445     858   49015   873325  17.66
1920-1924       55      0.02175  0.02152  0.50   48586    1045   48064   824309  16.97
1920-1924       56      0.02184  0.02161  0.50   47541    1027   47027   776246  16.33
1920-1924       57      0.01784  0.01769  0.50   46514     823   46102   729219  15.68
1920-1924       58      0.02569  0.02536  0.50   45691    1159   45112   683116  14.95
1920-1924       59      0.01848  0.01831  0.50   44532     815   44124   638005  14.33
1920-1924       60      0.04597  0.04493  0.50   43717    1964   42735   593880  13.58
1920-1924       61      0.01873  0.01855  0.50   41752     775   41365   551146  13.20
1920-1924       62      0.03428  0.03370  0.50   40978    1381   40287   509781  12.44
1920-1924       63      0.03165  0.03115  0.50   39597    1234   38980   469494  11.86
1920-1924       64      0.04134  0.04051  0.50   38363    1554   37586   430514  11.22
1920-1924       65      0.05395  0.05253  0.50   36809    1934   35842   392927  10.67
1920-1924       66      0.04931  0.04812  0.50   34876    1678   34037   357085  10.24
1920-1924       67      0.04573  0.04471  0.50   33197    1484   32455   323048   9.73
1920-1924       68      0.05967  0.05794  0.50   31713    1838   30794   290593   9.16
1920-1924       69      0.03832  0.03760  0.50   29876    1123   29314   259799   8.70
1920-1924       70      0.11442  0.10822  0.50   28752    3112   27196   230485   8.02
1920-1924       71      0.04423  0.04328  0.50   25641    1110   25086   203288   7.93
1920-1924       72      0.08976  0.08590  0.50   24531    2107   23477   178203   7.26
1920-1924       73      0.07989  0.07682  0.50   22424    1723   21562   154725   6.90
1920-1924       74      0.10867  0.10307  0.50   20701    2134   19634   133163   6.43
1920-1924       75      0.15426  0.14322  0.50   18567    2659   17238   113529   6.11
1920-1924       76      0.13813  0.12920  0.50   15908    2055   14881    96291   6.05
1920-1924       77      0.13271  0.12445  0.50   13853    1724   12991    81411   5.88
1920-1924       78      0.18782  0.17170  0.50   12129    2082   11088    68420   5.64
1920-1924       79      0.10693  0.10151  0.50   10046    1020    9536    57332   5.71
1920-1924       80      0.23949  0.21388  0.50    9027    1931    8061    47796   5.30
1920-1924       81      0.08598  0.08244  0.50    7096     585    6803    39734   5.60
1920-1924       82      0.15793  0.14637  0.50    6511     953    6034    32931   5.06
1920-1924       83      0.12837  0.12063  0.50    5558     670    5223    26897   4.84
1920-1924       84      0.20040  0.18215  0.50    4888     890    4442    21674   4.43
1920-1924       85      0.21980  0.19803  0.50    3997     792    3601    17231   4.31
1920-1924       86      0.21276  0.19230  0.50    3206     616    2897    13630   4.25
1920-1924       87      0.19812  0.18026  0.50    2589     467    2356    10732   4.15
1920-1924       88      0.24106  0.21513  0.50    2122     457    1894     8377   3.95
1920-1924       89      0.18351  0.16809  0.50    1666     280    1526     6482   3.89
1920-1924       90      0.41262  0.34205  0.50    1386     474    1149     4957   3.58
1920-1924       91      0.13336  0.12502  0.50     912     114     855     3808   4.18
1920-1924       92      0.24514  0.21838  0.50     798     174     711     2953   3.70
1920-1924       93      0.22345  0.20100  0.50     624     125     561     2242   3.60
1920-1924       94      0.25256  0.22424  0.50     498     112     442     1681   3.37
1920-1924       95      0.28666  0.25072  0.50     387      97     338     1239   3.21
1920-1924       96      0.29670  0.25837  0.50     290      75     252      901   3.11
1920-1924       97      0.30688  0.26606  0.50     215      57     186      649   3.02
1920-1924       98      0.31720  0.27378  0.50     158      43     136      462   2.93
1920-1924       99      0.32766  0.28153  0.50     114      32      98      326   2.85
1920-1924      100      0.33823  0.28931  0.50      82      24      70      228   2.77
1920-1924      101      0.34893  0.29709  0.50      58      17      50      158   2.70
1920-1924      102      0.35973  0.30489  0.50      41      13      35      108   2.62
1920-1924      103      0.37065  0.31270  0.50      29       9      24       73   2.56
1920-1924      104      0.38166  0.32050  0.50      20       6      16       49   2.49
1920-1924      105      0.39277  0.32830  0.50      13       4      11       32   2.43
1920-1924      106      0.40397  0.33609  0.50       9       3       7       21   2.37
1920-1924      107      0.41526  0.34386  0.50       6       2       5       14   2.32
1920-1924      108      0.42662  0.35162  0.50       4       1       3        9   2.28
1920-1924      109      0.43805  0.35935  0.50       3       1       2        6   2.25
1920-1924      110+     0.44955  1.00000  2.22       2       2       4        4   2.22
1925-1929        0      0.13924  0.12697  0.31  100000   12697   91187  4835481  48.35
1925-1929        1      0.05423  0.05280  0.50   87303    4610   84998  4744294  54.34
1925-1929        2      0.02648  0.02613  0.50   82693    2161   81612  4659296  56.34
1925-1929        3      0.01409  0.01399  0.50   80532    1126   79969  4577684  56.84
1925-1929        4      0.00936  0.00931  0.50   79405     739   79036  4497715  56.64
1925-1929        5      0.00667  0.00664  0.50   78666     523   78405  4418679  56.17
1925-1929        6      0.00563  0.00561  0.50   78143     439   77924  4340275  55.54
1925-1929        7      0.00394  0.00393  0.50   77705     306   77552  4262351  54.85
1925-1929        8      0.00323  0.00323  0.50   77399     250   77274  4184799  54.07
1925-1929        9      0.00280  0.00279  0.50   77149     215   77041  4107525  53.24
1925-1929       10      0.00263  0.00263  0.50   76934     202   76833  4030483  52.39
1925-1929       11      0.00253  0.00252  0.50   76731     194   76635  3953651  51.53
1925-1929       12      0.00265  0.00264  0.50   76538     202   76437  3877016  50.65
1925-1929       13      0.00270  0.00270  0.50   76335     206   76232  3800580  49.79
1925-1929       14      0.00321  0.00320  0.50   76129     244   76007  3724347  48.92
1925-1929       15      0.00328  0.00327  0.50   75885     248   75761  3648340  48.08
1925-1929       16      0.00383  0.00382  0.50   75637     289   75493  3572579  47.23
1925-1929       17      0.00464  0.00463  0.50   75348     349   75174  3497086  46.41
1925-1929       18      0.00557  0.00556  0.50   74999     417   74791  3421913  45.63
1925-1929       19      0.00521  0.00520  0.50   74582     388   74389  3347122  44.88
1925-1929       20      0.00559  0.00557  0.50   74195     413   73988  3272733  44.11
1925-1929       21      0.00493  0.00492  0.50   73781     363   73600  3198745  43.35
1925-1929       22      0.00614  0.00612  0.50   73418     450   73193  3125145  42.57
1925-1929       23      0.00614  0.00612  0.50   72969     447   72745  3051952  41.83
1925-1929       24      0.00626  0.00624  0.50   72522     453   72296  2979207  41.08
1925-1929       25      0.00623  0.00621  0.50   72070     448   71846  2906911  40.33
1925-1929       26      0.00633  0.00631  0.50   71622     452   71396  2835065  39.58
1925-1929       27      0.00611  0.00609  0.50   71170     433   70953  2763669  38.83
1925-1929       28      0.00670  0.00668  0.50   70737     472   70501  2692716  38.07
1925-1929       29      0.00540  0.00539  0.50   70265     379   70075  2622215  37.32
1925-1929       30      0.00776  0.00773  0.50   69886     540   69616  2552140  36.52
1925-1929       31      0.00462  0.00461  0.50   69346     320   69186  2482524  35.80
1925-1929       32      0.00679  0.00677  0.50   69026     467   68792  2413338  34.96
1925-1929       33      0.00685  0.00682  0.50   68559     468   68325  2344546  34.20
1925-1929       34      0.00664  0.00662  0.50   68091     450   67866  2276221  33.43
1925-1929       35      0.00723  0.00721  0.50   67641     488   67397  2208355  32.65
1925-1929       36      0.00716  0.00714  0.50   67153     479   66913  2140958  31.88
1925-1929       37      0.00647  0.00645  0.50   66674     430   66459  2074045  31.11
1925-1929       38      0.00808  0.00805  0.50   66244     533   65977  2007586  30.31
1925-1929       39      0.00662  0.00660  0.50   65710     434   65493  1941609  29.55
1925-1929       40      0.01192  0.01185  0.50   65277     774   64890  1876116  28.74
1925-1929       41      0.00589  0.00587  0.50   64503     379   64314  1811226  28.08
1925-1929       42      0.01040  0.01035  0.50   64124     663   63793  1746912  27.24
1925-1929       43      0.00791  0.00788  0.50   63461     500   63211  1683120  26.52
1925-1929       44      0.00889  0.00885  0.50   62961     557   62682  1619909  25.73
1925-1929       45      0.01124  0.01117  0.50   62403     697   62055  1557227  24.95
1925-1929       46      0.00948  0.00944  0.50   61706     582   61415  1495172  24.23
1925-1929       47      0.00898  0.00894  0.50   61124     546   60851  1433757  23.46
1925-1929       48      0.01230  0.01223  0.50   60577     741   60207  1372907  22.66
1925-1929       49      0.00991  0.00986  0.50   59837     590   59542  1312700  21.94
1925-1929       50      0.01946  0.01927  0.50   59247    1142   58676  1253158  21.15
1925-1929       51      0.00942  0.00938  0.50   58105     545   57832  1194482  20.56
1925-1929       52      0.01621  0.01608  0.50   57560     925   57097  1136650  19.75
1925-1929       53      0.01359  0.01349  0.50   56635     764   56253  1079552  19.06
1925-1929       54      0.01586  0.01573  0.50   55870     879   55431  1023300  18.32
1925-1929       55      0.01778  0.01762  0.50   54992     969   54507   967869  17.60
1925-1929       56      0.01866  0.01849  0.50   54022     999   53523   913362  16.91
1925-1929       57      0.01597  0.01584  0.50   53024     840   52604   859839  16.22
1925-1929       58      0.02253  0.02228  0.50   52184    1163   51603   807235  15.47
1925-1929       59      0.01872  0.01854  0.50   51021     946   50548   755632  14.81
1925-1929       60      0.04463  0.04365  0.50   50075    2186   48982   705084  14.08
1925-1929       61      0.01935  0.01916  0.50   47889     918   47430   656102  13.70
1925-1929       62      0.03457  0.03398  0.50   46972    1596   46173   608671  12.96
1925-1929       63      0.03286  0.03232  0.50   45375    1467   44642   562498  12.40
1925-1929       64      0.03784  0.03714  0.50   43909    1631   43093   517856  11.79
1925-1929       65      0.04616  0.04512  0.50   42278    1907   41324   474763  11.23
1925-1929       66      0.04456  0.04359  0.50   40370    1760   39490   433439  10.74
1925-1929       67      0.04413  0.04318  0.50   38610    1667   37777   393948  10.20
1925-1929       68      0.05411  0.05269  0.50   36943    1946   35970   356172   9.64
1925-1929       69      0.04045  0.03965  0.50   34997    1388   34303   320202   9.15
1925-1929       70      0.10915  0.10350  0.50   33609    3479   31870   285899   8.51
1925-1929       71      0.04594  0.04491  0.50   30131    1353   29454   254029   8.43
1925-1929       72      0.08867  0.08491  0.50   28777    2443   27556   224575   7.80
1925-1929       73      0.07989  0.07682  0.50   26334    2023   25323   197019   7.48
1925-1929       74      0.09195  0.08791  0.50   24311    2137   23242   171696   7.06
1925-1929       75      0.11874  0.11208  0.50   22174    2485   20931   148454   6.69
1925-1929       76      0.11199  0.10605  0.50   19689    2088   18645   127523   6.48
1925-1929       77      0.11556  0.10925  0.50   17600    1923   16639   108878   6.19
1925-1929       78      0.16475  0.15221  0.50   15678    2386   14484    92239   5.88
1925-1929       79      0.11442  0.10823  0.50   13291    1438   12572    77755   5.85
1925-1929       80      0.20977  0.18986  0.50   11853    2250   10728    65183   5.50
1925-1929       81      0.08593  0.08239  0.50    9603     791    9207    54455   5.67
1925-1929       82      0.15470  0.14360  0.50    8811    1265    8179    45248   5.14
1925-1929       83      0.13134  0.12325  0.50    7546     930    7081    37069   4.91
1925-1929       84      0.19786  0.18005  0.50    6616    1191    6020    29988   4.53
1925-1929       85      0.21562  0.19464  0.50    5425    1056    4897    23968   4.42
1925-1929       86      0.20958  0.18970  0.50    4369     829    3955    19071   4.37
1925-1929       87      0.19351  0.17644  0.50    3540     625    3228    15116   4.27
1925-1929       88      0.23783  0.21256  0.50    2916     620    2606    11888   4.08
1925-1929       89      0.18090  0.16590  0.50    2296     381    2105     9283   4.04
1925-1929       90      0.36333  0.30748  0.50    1915     589    1621     7177   3.75
1925-1929       91      0.13930  0.13023  0.50    1326     173    1240     5557   4.19
1925-1929       92      0.22762  0.20437  0.50    1153     236    1036     4317   3.74
1925-1929       93      0.22160  0.19949  0.50     918     183     826     3281   3.58
1925-1929       94      0.24748  0.22023  0.50     735     162     654     2455   3.34
1925-1929       95      0.28964  0.25300  0.50     573     145     500     1802   3.14
1925-1929       96      0.30115  0.26174  0.50     428     112     372     1301   3.04
1925-1929       97      0.31287  0.27055  0.50     316      85     273      929   2.94
1925-1929       98      0.32479  0.27942  0.50     230      64     198      656   2.85
1925-1929       99      0.33691  0.28834  0.50     166      48     142      458   2.76
1925-1929      100      0.34921  0.29730  0.50     118      35     101      316   2.67
1925-1929      101      0.36170  0.30630  0.50      83      25      70      215   2.59
1925-1929      102      0.37434  0.31532  0.50      58      18      49      145   2.51
1925-1929      103      0.38714  0.32436  0.50      39      13      33       96   2.44
1925-1929      104      0.40009  0.33340  0.50      27       9      22       63   2.37
1925-1929      105      0.41317  0.34243  0.50      18       6      15       41   2.30
1925-1929      106      0.42637  0.35145  0.50      12       4      10       26   2.24
1925-1929      107      0.43968  0.36044  0.50       8       3       6       17   2.19
1925-1929      108      0.45308  0.36940  0.50       5       2       4       10   2.14
1925-1929      109      0.46657  0.37831  0.50       3       1       2        6   2.11
1925-1929      110+     0.48012  1.00000  2.08       2       2       4        4   2.08
1930-1934        0      0.13458  0.12309  0.31  100000   12309   91456  5080260  50.80
1930-1934        1      0.04575  0.04472  0.50   87691    3922   85730  4988803  56.89
1930-1934        2      0.02031  0.02010  0.50   83769    1684   82927  4903073  58.53
1930-1934        3      0.01097  0.01091  0.50   82085     896   81638  4820146  58.72
1930-1934        4      0.00741  0.00739  0.50   81190     600   80890  4738508  58.36
1930-1934        5      0.00523  0.00521  0.50   80590     420   80380  4657618  57.79
1930-1934        6      0.00433  0.00432  0.50   80170     346   79997  4577238  57.09
1930-1934        7      0.00317  0.00317  0.50   79824     253   79697  4497241  56.34
1930-1934        8      0.00274  0.00274  0.50   79571     218   79462  4417544  55.52
1930-1934        9      0.00240  0.00240  0.50   79353     190   79258  4338082  54.67
1930-1934       10      0.00233  0.00232  0.50   79163     184   79071  4258824  53.80
1930-1934       11      0.00217  0.00217  0.50   78979     172   78893  4179753  52.92
1930-1934       12      0.00231  0.00231  0.50   78807     182   78716  4100860  52.04
1930-1934       13      0.00224  0.00224  0.50   78625     176   78537  4022143  51.16
1930-1934       14      0.00276  0.00275  0.50   78450     216   78342  3943606  50.27
1930-1934       15      0.00292  0.00292  0.50   78234     228   78119  3865264  49.41
1930-1934       16      0.00331  0.00330  0.50   78005     258   77876  3787145  48.55
1930-1934       17      0.00401  0.00400  0.50   77748     311   77592  3709268  47.71
1930-1934       18      0.00484  0.00483  0.50   77436     374   77249  3631676  46.90
1930-1934       19      0.00454  0.00453  0.50   77062     349   76888  3554427  46.12
1930-1934       20      0.00476  0.00475  0.50   76713     364   76531  3477539  45.33
1930-1934       21      0.00462  0.00461  0.50   76349     352   76173  3401008  44.55
1930-1934       22      0.00547  0.00545  0.50   75998     414   75790  3324834  43.75
1930-1934       23      0.00545  0.00543  0.50   75583     411   75378  3249044  42.99
1930-1934       24      0.00548  0.00546  0.50   75173     411   74967  3173666  42.22
1930-1934       25      0.00536  0.00535  0.50   74762     400   74562  3098699  41.45
1930-1934       26      0.00544  0.00542  0.50   74362     403   74160  3024137  40.67
1930-1934       27      0.00537  0.00535  0.50   73959     396   73761  2949976  39.89
1930-1934       28      0.00590  0.00589  0.50   73563     433   73346  2876216  39.10
1930-1934       29      0.00469  0.00468  0.50   73130     342   72959  2802869  38.33
1930-1934       30      0.00621  0.00619  0.50   72788     450   72563  2729910  37.51
1930-1934       31      0.00407  0.00406  0.50   72337     294   72191  2657348  36.74
1930-1934       32      0.00597  0.00595  0.50   72044     429   71829  2585157  35.88
1930-1934       33      0.00601  0.00599  0.50   71615     429   71401  2513328  35.09
1930-1934       34      0.00597  0.00595  0.50   71186     423   70975  2441927  34.30
1930-1934       35      0.00686  0.00684  0.50   70763     484   70521  2370953  33.51
1930-1934       36      0.00669  0.00666  0.50   70279     468   70045  2300432  32.73
1930-1934       37      0.00609  0.00607  0.50   69811     424   69599  2230387  31.95
1930-1934       38      0.00757  0.00754  0.50   69387     523   69125  2160788  31.14
1930-1934       39      0.00574  0.00572  0.50   68864     394   68667  2091663  30.37
1930-1934       40      0.00960  0.00956  0.50   68469     654   68142  2022996  29.55
1930-1934       41      0.00521  0.00520  0.50   67815     353   67639  1954854  28.83
1930-1934       42      0.00901  0.00897  0.50   67463     605   67160  1887215  27.97
1930-1934       43      0.00688  0.00685  0.50   66858     458   66628  1820055  27.22
1930-1934       44      0.00861  0.00857  0.50   66399     569   66115  1753427  26.41
1930-1934       45      0.01101  0.01095  0.50   65830     721   65470  1687312  25.63
1930-1934       46      0.00938  0.00934  0.50   65109     608   64805  1621842  24.91
1930-1934       47      0.00870  0.00866  0.50   64501     559   64222  1557037  24.14
1930-1934       48      0.01147  0.01141  0.50   63943     730   63578  1492815  23.35
1930-1934       49      0.00871  0.00868  0.50   63213     548   62939  1429237  22.61
1930-1934       50      0.01528  0.01516  0.50   62665     950   62190  1366299  21.80
1930-1934       51      0.00845  0.00841  0.50   61715     519   61455  1304109  21.13
1930-1934       52      0.01415  0.01405  0.50   61196     860   60766  1242654  20.31
1930-1934       53      0.01231  0.01223  0.50   60336     738   59967  1181888  19.59
1930-1934       54      0.01553  0.01541  0.50   59598     919   59138  1121922  18.82
1930-1934       55      0.01823  0.01806  0.50   58679    1060   58149  1062784  18.11
1930-1934       56      0.01884  0.01867  0.50   57619    1076   57081  1004635  17.44
1930-1934       57      0.01638  0.01625  0.50   56543     919   56084   947553  16.76
1930-1934       58      0.02225  0.02200  0.50   55625    1224   55013   891469  16.03
1930-1934       59      0.01745  0.01730  0.50   54401     941   53930   836457  15.38
1930-1934       60      0.03478  0.03418  0.50   53460    1827   52546   782527  14.64
1930-1934       61      0.01735  0.01720  0.50   51632     888   51188   729981  14.14
1930-1934       62      0.03051  0.03005  0.50   50744    1525   49982   678793  13.38
1930-1934       63      0.02905  0.02864  0.50   49219    1410   48514   628811  12.78
1930-1934       64      0.03606  0.03542  0.50   47810    1694   46963   580297  12.14
1930-1934       65      0.04630  0.04526  0.50   46116    2087   45072   533334  11.57
1930-1934       66      0.04214  0.04127  0.50   44029    1817   43120   488261  11.09
1930-1934       67      0.04204  0.04117  0.50   42212    1738   41343   445141  10.55
1930-1934       68      0.05116  0.04988  0.50   40474    2019   39464   403798   9.98
1930-1934       69      0.03751  0.03682  0.50   38455    1416   37747   364334   9.47
1930-1934       70      0.08654  0.08295  0.50   37039    3073   35503   326587   8.82
1930-1934       71      0.04428  0.04332  0.50   33967    1472   33231   291084   8.57
1930-1934       72      0.08282  0.07953  0.50   32495    2584   31203   257853   7.94
1930-1934       73      0.07647  0.07366  0.50   29911    2203   28809   226650   7.58
1930-1934       74      0.09663  0.09218  0.50   27708    2554   26431   197841   7.14
1930-1934       75      0.12416  0.11690  0.50   25154    2941   23683   171410   6.81
1930-1934       76      0.11631  0.10991  0.50   22213    2442   20992   147727   6.65
1930-1934       77      0.11453  0.10833  0.50   19772    2142   18701   126735   6.41
1930-1934       78      0.15678  0.14539  0.50   17630    2563   16348   108034   6.13
1930-1934       79      0.10114  0.09627  0.50   15067    1450   14341    91686   6.09
1930-1934       80      0.18820  0.17201  0.50   13616    2342   12445    77344   5.68
1930-1934       81      0.08637  0.08280  0.50   11274     933   10807    64899   5.76
1930-1934       82      0.15120  0.14057  0.50   10341    1454    9614    54092   5.23
1930-1934       83      0.12900  0.12119  0.50    8887    1077    8348    44478   5.00
1930-1934       84      0.19127  0.17458  0.50    7810    1363    7128    36130   4.63
1930-1934       85      0.20252  0.18390  0.50    6447    1186    5854    29002   4.50
1930-1934       86      0.20624  0.18696  0.50    5261     984    4769    23148   4.40
1930-1934       87      0.19492  0.17761  0.50    4277     760    3898    18379   4.30
1930-1934       88      0.24015  0.21440  0.50    3518     754    3141    14481   4.12
1930-1934       89      0.19007  0.17357  0.50    2763     480    2524    11340   4.10
1930-1934       90      0.33543  0.28725  0.50    2284     656    1956     8817   3.86
1930-1934       91      0.14542  0.13556  0.50    1628     221    1517     6861   4.21
1930-1934       92      0.22863  0.20517  0.50    1407     289    1263     5343   3.80
1930-1934       93      0.21004  0.19008  0.50    1118     213    1012     4081   3.65
1930-1934       94      0.23489  0.21021  0.50     906     190     811     3069   3.39
1930-1934       95      0.28701  0.25099  0.50     715     180     626     2258   3.16
1930-1934       96      0.29913  0.26021  0.50     536     139     466     1632   3.05
1930-1934       97      0.31149  0.26951  0.50     396     107     343     1166   2.94
1930-1934       98      0.32406  0.27887  0.50     290      81     249      823   2.84
1930-1934       99      0.33683  0.28828  0.50     209      60     179      574   2.75
1930-1934      100      0.34980  0.29772  0.50     149      44     126      395   2.66
1930-1934      101      0.36294  0.30719  0.50     104      32      88      269   2.57
1930-1934      102      0.37624  0.31667  0.50      72      23      61      180   2.49
1930-1934      103      0.38969  0.32614  0.50      49      16      41      120   2.42
1930-1934      104      0.40328  0.33561  0.50      33      11      28       78   2.35
1930-1934      105      0.41698  0.34504  0.50      22       8      18       50   2.28
1930-1934      106      0.43079  0.35445  0.50      14       5      12       32   2.22
1930-1934      107      0.44469  0.36380  0.50       9       3       8       20   2.16
1930-1934      108      0.45866  0.37310  0.50       6       2       5       13   2.12
1930-1934      109      0.47269  0.38233  0.50       4       1       3        8   2.08
1930-1934      110+     0.48675  1.00000  2.05       2       2       5        5   2.05
1935-1939        0      0.13253  0.12136  0.31  100000   12136   91575  4913345  49.13
1935-1939        1      0.03958  0.03882  0.50   87864    3411   86158  4821771  54.88
1935-1939        2      0.01756  0.01740  0.50   84453    1470   83718  4735612  56.07
1935-1939        3      0.01014  0.01009  0.50   82983     837   82565  4651894  56.06
1935-1939        4      0.00717  0.00714  0.50   82146     587   81853  4569330  55.62
1935-1939        5      0.00550  0.00549  0.50   81559     447   81336  4487477  55.02
1935-1939        6      0.00461  0.00460  0.50   81112     373   80926  4406141  54.32
1935-1939        7      0.00365  0.00364  0.50   80739     294   80592  4325215  53.57
1935-1939        8      0.00304  0.00304  0.50   80445     244   80323  4244623  52.76
1935-1939        9      0.00278  0.00278  0.50   80201     223   80090  4164300  51.92
1935-1939       10      0.00254  0.00253  0.50   79978     203   79877  4084210  51.07
1935-1939       11      0.00241  0.00241  0.50   79775     192   79679  4004334  50.20
1935-1939       12      0.00254  0.00254  0.50   79583     202   79482  3924654  49.32
1935-1939       13      0.00252  0.00252  0.50   79381     200   79281  3845172  48.44
1935-1939       14      0.00306  0.00306  0.50   79181     242   79060  3765891  47.56
1935-1939       15      0.00320  0.00319  0.50   78939     252   78813  3686831  46.70
1935-1939       16      0.00373  0.00372  0.50   78687     293   78541  3608018  45.85
1935-1939       17      0.00466  0.00465  0.50   78394     364   78212  3529477  45.02
1935-1939       18      0.00631  0.00629  0.50   78030     491   77785  3451265  44.23
1935-1939       19      0.00670  0.00668  0.50   77539     518   77280  3373481  43.51
1935-1939       20      0.00771  0.00768  0.50   77022     592   76726  3296201  42.80
1935-1939       21      0.00728  0.00726  0.50   76430     555   76152  3219475  42.12
1935-1939       22      0.00818  0.00814  0.50   75875     618   75566  3143322  41.43
1935-1939       23      0.00822  0.00819  0.50   75257     616   74949  3067756  40.76
1935-1939       24      0.00817  0.00814  0.50   74641     608   74338  2992807  40.10
1935-1939       25      0.00810  0.00807  0.50   74034     597   73735  2918469  39.42
1935-1939       26      0.00787  0.00784  0.50   73437     576   73149  2844734  38.74
1935-1939       27      0.00783  0.00780  0.50   72861     569   72577  2771585  38.04
1935-1939       28      0.00828  0.00825  0.50   72292     596   71994  2699008  37.33
1935-1939       29      0.00681  0.00679  0.50   71696     487   71453  2627014  36.64
1935-1939       30      0.00880  0.00877  0.50   71209     624   70897  2555561  35.89
1935-1939       31      0.00575  0.00574  0.50   70585     405   70383  2484664  35.20
1935-1939       32      0.00781  0.00778  0.50   70180     546   69907  2414281  34.40
1935-1939       33      0.00754  0.00752  0.50   69634     523   69372  2344374  33.67
1935-1939       34      0.00723  0.00721  0.50   69111     498   68862  2275002  32.92
1935-1939       35      0.00837  0.00834  0.50   68613     572   68327  2206140  32.15
1935-1939       36      0.00891  0.00887  0.50   68040     604   67739  2137814  31.42
1935-1939       37      0.00760  0.00757  0.50   67437     511   67182  2070075  30.70
1935-1939       38      0.00837  0.00833  0.50   66926     558   66647  2002893  29.93
1935-1939       39      0.00794  0.00791  0.50   66369     525   66106  1936246  29.17
1935-1939       40      0.01214  0.01206  0.50   65843     794   65446  1870140  28.40
1935-1939       41      0.00725  0.00722  0.50   65049     470   64814  1804693  27.74
1935-1939       42      0.01096  0.01090  0.50   64579     704   64228  1739879  26.94
1935-1939       43      0.00913  0.00909  0.50   63876     581   63585  1675652  26.23
1935-1939       44      0.00975  0.00970  0.50   63295     614   62988  1612066  25.47
1935-1939       45      0.01297  0.01289  0.50   62681     808   62277  1549078  24.71
1935-1939       46      0.01089  0.01084  0.50   61873     670   61538  1486801  24.03
1935-1939       47      0.01070  0.01065  0.50   61203     652   60877  1425263  23.29
1935-1939       48      0.01355  0.01346  0.50   60551     815   60144  1364386  22.53
1935-1939       49      0.01149  0.01142  0.50   59736     682   59395  1304242  21.83
1935-1939       50      0.01957  0.01938  0.50   59054    1144   58482  1244847  21.08
1935-1939       51      0.01101  0.01095  0.50   57910     634   57592  1186366  20.49
1935-1939       52      0.01667  0.01654  0.50   57275     947   56802  1128773  19.71
1935-1939       53      0.01471  0.01460  0.50   56328     822   55917  1071971  19.03
1935-1939       54      0.01639  0.01626  0.50   55506     902   55055  1016054  18.31
1935-1939       55      0.01887  0.01869  0.50   54603    1020   54093   961000  17.60
1935-1939       56      0.01991  0.01971  0.50   53583    1056   53055   906907  16.93
1935-1939       57      0.01767  0.01752  0.50   52527     920   52067   853852  16.26
1935-1939       58      0.02354  0.02327  0.50   51607    1201   51006   801785  15.54
1935-1939       59      0.02037  0.02017  0.50   50406    1017   49897   750779  14.89
1935-1939       60      0.03975  0.03898  0.50   49389    1925   48427   700882  14.19
1935-1939       61      0.02109  0.02087  0.50   47464     991   46969   652455  13.75
1935-1939       62      0.03351  0.03296  0.50   46474    1532   45708   605486  13.03
1935-1939       63      0.03153  0.03104  0.50   44942    1395   44245   559778  12.46
1935-1939       64      0.03595  0.03532  0.50   43547    1538   42778   515534  11.84
1935-1939       65      0.04701  0.04593  0.50   42009    1929   41044   472756  11.25
1935-1939       66      0.04364  0.04271  0.50   40080    1712   39224   431712  10.77
1935-1939       67      0.04504  0.04405  0.50   38368    1690   37523   392488  10.23
1935-1939       68      0.05370  0.05229  0.50   36678    1918   35719   354965   9.68
1935-1939       69      0.04189  0.04103  0.50   34760    1426   34046   319246   9.18
1935-1939       70      0.09857  0.09394  0.50   33333    3131   31768   285200   8.56
1935-1939       71      0.04738  0.04628  0.50   30202    1398   29503   253432   8.39
1935-1939       72      0.08379  0.08042  0.50   28804    2317   27646   223929   7.77
1935-1939       73      0.07689  0.07404  0.50   26488    1961   25507   196283   7.41
1935-1939       74      0.08939  0.08556  0.50   24527    2099   23477   170776   6.96
1935-1939       75      0.11680  0.11036  0.50   22428    2475   21190   147298   6.57
1935-1939       76      0.11048  0.10470  0.50   19953    2089   18908   126108   6.32
1935-1939       77      0.11402  0.10787  0.50   17864    1927   16900   107199   6.00
1935-1939       78      0.16427  0.15180  0.50   15937    2419   14727    90299   5.67
1935-1939       79      0.11447  0.10827  0.50   13518    1464   12786    75572   5.59
1935-1939       80      0.21098  0.19084  0.50   12054    2300   10904    62786   5.21
1935-1939       81      0.09855  0.09392  0.50    9754     916    9296    51882   5.32
1935-1939       82      0.16652  0.15372  0.50    8838    1359    8158    42586   4.82
1935-1939       83      0.14182  0.13243  0.50    7479     990    6984    34428   4.60
1935-1939       84      0.20483  0.18580  0.50    6489    1206    5886    27444   4.23
1935-1939       85      0.22567  0.20279  0.50    5283    1071    4747    21558   4.08
1935-1939       86      0.22534  0.20252  0.50    4212     853    3785    16811   3.99
1935-1939       87      0.21313  0.19261  0.50    3359     647    3035    13026   3.88
1935-1939       88      0.25975  0.22989  0.50    2712     623    2400     9991   3.68
1935-1939       89      0.21632  0.19521  0.50    2088     408    1885     7590   3.63
1935-1939       90      0.40183  0.33460  0.50    1681     562    1400     5706   3.39
1935-1939       91      0.16437  0.15188  0.50    1118     170    1033     4306   3.85
1935-1939       92      0.26693  0.23550  0.50     948     223     837     3273   3.45
1935-1939       93      0.22735  0.20414  0.50     725     148     651     2436   3.36
1935-1939       94      0.26048  0.23046  0.50     577     133     511     1785   3.09
1935-1939       95      0.31918  0.27525  0.50     444     122     383     1274   2.87
1935-1939       96      0.33250  0.28510  0.50     322      92     276      891   2.77
1935-1939       97      0.34605  0.29501  0.50     230      68     196      615   2.67
1935-1939       98      0.35981  0.30495  0.50     162      49     137      419   2.59
1935-1939       99      0.37376  0.31491  0.50     113      36      95      282   2.50
1935-1939      100      0.38789  0.32488  0.50      77      25      65      187   2.42
1935-1939      101      0.40219  0.33486  0.50      52      17      43      122   2.34
1935-1939      102      0.41664  0.34481  0.50      35      12      29       79   2.27
1935-1939      103      0.43123  0.35474  0.50      23       8      19       50   2.20
1935-1939      104      0.44593  0.36463  0.50      15       5      12       31   2.14
1935-1939      105      0.46072  0.37446  0.50       9       3       8       19   2.08
1935-1939      106      0.47559  0.38423  0.50       6       2       5       12   2.02
1935-1939      107      0.49053  0.39391  0.50       4       1       3        7   1.97
1935-1939      108      0.50550  0.40351  0.50       2       1       2        4   1.93
1935-1939      109      0.52048  0.41300  0.50       1       1       1        2   1.89
1935-1939      110+     0.53546  1.00000  1.87       1       1       1        1   1.87
1940-1944        0      0.13422  0.12278  0.31  100000   12278   91478  5182096  51.82
1940-1944        1      0.03056  0.03010  0.50   87722    2640   86402  5090618  58.03
1940-1944        2      0.01438  0.01428  0.50   85082    1215   84474  5004216  58.82
1940-1944        3      0.00839  0.00835  0.50   83867     701   83517  4919742  58.66
1940-1944        4      0.00597  0.00595  0.50   83166     495   82919  4836226  58.15
1940-1944        5      0.00441  0.00440  0.50   82672     364   82490  4753307  57.50
1940-1944        6      0.00359  0.00359  0.50   82308     295   82160  4670817  56.75
1940-1944        7      0.00296  0.00296  0.50   82012     243   81891  4588657  55.95
1940-1944        8      0.00248  0.00247  0.50   81770     202   81669  4506766  55.12
1940-1944        9      0.00227  0.00227  0.50   81568     185   81475  4425097  54.25
1940-1944       10      0.00209  0.00209  0.50   81383     170   81298  4343622  53.37
1940-1944       11      0.00203  0.00202  0.50   81212     164   81130  4262324  52.48
1940-1944       12      0.00214  0.00214  0.50   81048     173   80961  4181194  51.59
1940-1944       13      0.00210  0.00210  0.50   80875     170   80790  4100232  50.70
1940-1944       14      0.00248  0.00248  0.50   80705     200   80605  4019442  49.80
1940-1944       15      0.00259  0.00258  0.50   80505     208   80401  3938837  48.93
1940-1944       16      0.00292  0.00292  0.50   80297     234   80180  3858436  48.05
1940-1944       17      0.00355  0.00354  0.50   80063     284   79921  3778256  47.19
1940-1944       18      0.00440  0.00439  0.50   79779     350   79604  3698335  46.36
1940-1944       19      0.00428  0.00427  0.50   79429     339   79260  3618731  45.56
1940-1944       20      0.00513  0.00512  0.50   79090     405   78887  3539472  44.75
1940-1944       21      0.00518  0.00517  0.50   78685     406   78482  3460584  43.98
1940-1944       22      0.00620  0.00619  0.50   78278     484   78036  3382103  43.21
1940-1944       23      0.00622  0.00620  0.50   77794     482   77553  3304066  42.47
1940-1944       24      0.00615  0.00614  0.50   77312     474   77075  3226513  41.73
1940-1944       25      0.00629  0.00628  0.50   76837     482   76596  3149439  40.99
1940-1944       26      0.00618  0.00617  0.50   76355     471   76120  3072842  40.24
1940-1944       27      0.00633  0.00631  0.50   75885     479   75645  2996722  39.49
1940-1944       28      0.00676  0.00674  0.50   75405     508   75151  2921077  38.74
1940-1944       29      0.00579  0.00578  0.50   74897     433   74681  2845926  38.00
1940-1944       30      0.00698  0.00696  0.50   74465     518   74206  2771245  37.22
1940-1944       31      0.00522  0.00521  0.50   73946     385   73754  2697039  36.47
1940-1944       32      0.00696  0.00694  0.50   73561     510   73306  2623285  35.66
1940-1944       33      0.00693  0.00690  0.50   73051     504   72799  2549979  34.91
1940-1944       34      0.00659  0.00657  0.50   72547     477   72309  2477180  34.15
1940-1944       35      0.00716  0.00714  0.50   72070     514   71813  2404872  33.37
1940-1944       36      0.00711  0.00708  0.50   71556     507   71303  2333058  32.60
1940-1944       37      0.00668  0.00666  0.50   71049     473   70813  2261756  31.83
1940-1944       38      0.00763  0.00760  0.50   70576     537   70308  2190943  31.04
1940-1944       39      0.00651  0.00648  0.50   70039     454   69812  2120636  30.28
1940-1944       40      0.00919  0.00915  0.50   69585     637   69267  2050823  29.47
1940-1944       41      0.00615  0.00613  0.50   68948     422   68737  1981557  28.74
1940-1944       42      0.00897  0.00893  0.50   68526     612   68220  1912819  27.91
1940-1944       43      0.00795  0.00792  0.50   67914     538   67645  1844600  27.16
1940-1944       44      0.00882  0.00878  0.50   67376     592   67080  1776955  26.37
1940-1944       45      0.01119  0.01113  0.50   66784     743   66413  1709875  25.60
1940-1944       46      0.00997  0.00992  0.50   66041     655   65714  1643462  24.89
1940-1944       47      0.00988  0.00983  0.50   65386     643   65065  1577748  24.13
1940-1944       48      0.01165  0.01158  0.50   64744     750   64369  1512683  23.36
1940-1944       49      0.01018  0.01013  0.50   63994     648   63670  1448314  22.63
1940-1944       50      0.01559  0.01547  0.50   63346     980   62856  1384645  21.86
1940-1944       51      0.00996  0.00991  0.50   62366     618   62057  1321789  21.19
1940-1944       52      0.01493  0.01482  0.50   61748     915   61290  1259732  20.40
1940-1944       53      0.01375  0.01366  0.50   60832     831   60417  1198442  19.70
1940-1944       54      0.01593  0.01581  0.50   60002     949   59527  1138025  18.97
1940-1944       55      0.01828  0.01811  0.50   59053    1070   58518  1078497  18.26
1940-1944       56      0.01918  0.01900  0.50   57984    1101   57433  1019979  17.59
1940-1944       57      0.01741  0.01726  0.50   56882     982   56391   962546  16.92
1940-1944       58      0.02229  0.02204  0.50   55900    1232   55284   906155  16.21
1940-1944       59      0.01914  0.01896  0.50   54668    1037   54150   850871  15.56
1940-1944       60      0.03285  0.03232  0.50   53632    1734   52765   796721  14.86
1940-1944       61      0.01931  0.01913  0.50   51898     993   51402   743956  14.33
1940-1944       62      0.03016  0.02972  0.50   50905    1513   50149   692555  13.60
1940-1944       63      0.03004  0.02959  0.50   49393    1462   48662   642406  13.01
1940-1944       64      0.03410  0.03352  0.50   47931    1607   47127   593744  12.39
1940-1944       65      0.04471  0.04373  0.50   46324    2026   45311   546617  11.80
1940-1944       66      0.03953  0.03876  0.50   44298    1717   43440   501306  11.32
1940-1944       67      0.04125  0.04042  0.50   42581    1721   41721   457866  10.75
1940-1944       68      0.04793  0.04680  0.50   40860    1912   39904   416145  10.18
1940-1944       69      0.03856  0.03783  0.50   38948    1474   38211   376241   9.66
1940-1944       70      0.07693  0.07408  0.50   37474    2776   36086   338031   9.02
1940-1944       71      0.04523  0.04423  0.50   34698    1535   33931   301945   8.70
1940-1944       72      0.07702  0.07416  0.50   33163    2459   31933   268014   8.08
1940-1944       73      0.07225  0.06973  0.50   30704    2141   29633   236081   7.69
1940-1944       74      0.08674  0.08313  0.50   28563    2374   27375   206447   7.23
1940-1944       75      0.11186  0.10594  0.50   26188    2774   24801   179072   6.84
1940-1944       76      0.10641  0.10103  0.50   23414    2366   22231   154271   6.59
1940-1944       77      0.10753  0.10204  0.50   21048    2148   19974   132040   6.27
1940-1944       78      0.14300  0.13346  0.50   18901    2522   17639   112066   5.93
1940-1944       79      0.09915  0.09447  0.50   16378    1547   15604    94426   5.77
1940-1944       80      0.18755  0.17147  0.50   14831    2543   13559    78822   5.31
1940-1944       81      0.10028  0.09549  0.50   12288    1173   11701    65262   5.31
1940-1944       82      0.16324  0.15092  0.50   11114    1677   10276    53561   4.82
1940-1944       83      0.14688  0.13683  0.50    9437    1291    8791    43286   4.59
1940-1944       84      0.20105  0.18269  0.50    8146    1488    7402    34494   4.23
1940-1944       85      0.21743  0.19611  0.50    6658    1306    6005    27093   4.07
1940-1944       86      0.22265  0.20034  0.50    5352    1072    4816    21088   3.94
1940-1944       87      0.21951  0.19780  0.50    4280     847    3857    16272   3.80
1940-1944       88      0.26438  0.23351  0.50    3433     802    3032    12415   3.62
1940-1944       89      0.22675  0.20366  0.50    2632     536    2364     9383   3.57
1940-1944       90      0.37108  0.31301  0.50    2096     656    1768     7019   3.35
1940-1944       91      0.17165  0.15808  0.50    1440     228    1326     5252   3.65
1940-1944       92      0.27594  0.24248  0.50    1212     294    1065     3926   3.24
1940-1944       93      0.26050  0.23048  0.50     918     212     812     2861   3.12
1940-1944       94      0.27526  0.24196  0.50     707     171     621     2048   2.90
1940-1944       95      0.34212  0.29215  0.50     536     156     457     1427   2.66
1940-1944       96      0.35877  0.30420  0.50     379     115     321      970   2.56
1940-1944       97      0.37573  0.31631  0.50     264      83     222      648   2.46
1940-1944       98      0.39298  0.32844  0.50     180      59     151      426   2.36
1940-1944       99      0.41046  0.34057  0.50     121      41     100      276   2.28
1940-1944      100      0.42816  0.35266  0.50      80      28      66      175   2.19
1940-1944      101      0.44602  0.36469  0.50      52      19      42      109   2.12
1940-1944      102      0.46402  0.37664  0.50      33      12      27       67   2.04
1940-1944      103      0.48211  0.38847  0.50      20       8      16       40   1.97
1940-1944      104      0.50024  0.40015  0.50      13       5      10       24   1.91
1940-1944      105      0.51838  0.41168  0.50       8       3       6       14   1.85
1940-1944      106      0.53649  0.42302  0.50       4       2       3        8   1.80
1940-1944      107      0.55451  0.43414  0.50       3       1       2        4   1.75
1940-1944      108      0.57241  0.44504  0.50       1       1       1        2   1.70
1940-1944      109      0.59015  0.45569  0.50       1       0       1        1   1.67
1940-1944      110+     0.60767  1.00000  1.65       0       0       1        1   1.65
1945-1949        0      0.08524  0.08048  0.31  100000    8048   94413  5936386  59.36
1945-1949        1      0.01622  0.01608  0.50   91952    1479   91212  5841972  63.53
1945-1949        2      0.00866  0.00862  0.50   90473     780   90083  5750760  63.56
1945-1949        3      0.00534  0.00533  0.50   89693     478   89454  5660677  63.11
1945-1949        4      0.00398  0.00398  0.50   89215     355   89038  5571223  62.45
1945-1949        5      0.00317  0.00316  0.50   88861     281   88720  5482185  61.69
1945-1949        6      0.00258  0.00257  0.50   88580     228   88466  5393465  60.89
1945-1949        7      0.00223  0.00222  0.50   88352     197   88254  5304999  60.04
1945-1949        8      0.00180  0.00180  0.50   88155     159   88076  5216745  59.18
1945-1949        9      0.00171  0.00171  0.50   87996     150   87921  5128669  58.28
1945-1949       10      0.00162  0.00162  0.50   87846     142   87775  5040748  57.38
1945-1949       11      0.00155  0.00154  0.50   87704     135   87636  4952973  56.47
1945-1949       12      0.00155  0.00155  0.50   87569     136   87501  4865337  55.56
1945-1949       13      0.00161  0.00161  0.50   87433     141   87363  4777836  54.65
1945-1949       14      0.00189  0.00189  0.50   87292     165   87210  4690473  53.73
1945-1949       15      0.00196  0.00196  0.50   87127     171   87042  4603263  52.83
1945-1949       16      0.00230  0.00230  0.50   86957     200   86857  4516221  51.94
1945-1949       17      0.00269  0.00269  0.50   86757     233   86640  4429365  51.05
1945-1949       18      0.00326  0.00326  0.50   86524     282   86383  4342724  50.19
1945-1949       19      0.00322  0.00322  0.50   86242     278   86103  4256341  49.35
1945-1949       20      0.00356  0.00355  0.50   85964     305   85812  4170238  48.51
1945-1949       21      0.00375  0.00375  0.50   85659     321   85499  4084426  47.68
1945-1949       22      0.00431  0.00430  0.50   85338     367   85155  3998928  46.86
1945-1949       23      0.00446  0.00445  0.50   84971     378   84782  3913773  46.06
1945-1949       24      0.00455  0.00454  0.50   84593     384   84401  3828991  45.26
1945-1949       25      0.00456  0.00455  0.50   84209     383   84017  3744590  44.47
1945-1949       26      0.00462  0.00461  0.50   83826     387   83632  3660573  43.67
1945-1949       27      0.00457  0.00456  0.50   83439     381   83249  3576941  42.87
1945-1949       28      0.00476  0.00475  0.50   83058     395   82861  3493692  42.06
1945-1949       29      0.00414  0.00413  0.50   82664     341   82493  3410831  41.26
1945-1949       30      0.00493  0.00492  0.50   82322     405   82120  3328338  40.43
1945-1949       31      0.00352  0.00351  0.50   81918     288   81774  3246218  39.63
1945-1949       32      0.00451  0.00450  0.50   81630     367   81446  3164445  38.77
1945-1949       33      0.00447  0.00446  0.50   81262     363   81081  3082998  37.94
1945-1949       34      0.00432  0.00431  0.50   80900     348   80725  3001917  37.11
1945-1949       35      0.00475  0.00474  0.50   80551     382   80360  2921192  36.27
1945-1949       36      0.00477  0.00476  0.50   80169     382   79978  2840832  35.44
1945-1949       37      0.00462  0.00461  0.50   79788     368   79604  2760853  34.60
1945-1949       38      0.00526  0.00525  0.50   79420     417   79211  2681250  33.76
1945-1949       39      0.00473  0.00472  0.50   79003     373   78817  2602038  32.94
1945-1949       40      0.00650  0.00648  0.50   78630     509   78375  2523221  32.09
1945-1949       41      0.00454  0.00453  0.50   78121     354   77944  2444846  31.30
1945-1949       42      0.00643  0.00641  0.50   77767     498   77518  2366902  30.44
1945-1949       43      0.00565  0.00564  0.50   77269     436   77051  2289384  29.63
1945-1949       44      0.00613  0.00611  0.50   76833     469   76598  2212334  28.79
1945-1949       45      0.00747  0.00744  0.50   76364     568   76080  2135735  27.97
1945-1949       46      0.00700  0.00698  0.50   75796     529   75531  2059656  27.17
1945-1949       47      0.00726  0.00723  0.50   75267     544   74995  1984124  26.36
1945-1949       48      0.00872  0.00868  0.50   74722     648   74398  1909130  25.55
1945-1949       49      0.00813  0.00810  0.50   74074     600   73774  1834732  24.77
1945-1949       50      0.01146  0.01139  0.50   73474     837   73055  1760958  23.97
1945-1949       51      0.00793  0.00790  0.50   72637     574   72350  1687902  23.24
1945-1949       52      0.01135  0.01129  0.50   72063     813   71657  1615552  22.42
1945-1949       53      0.01071  0.01065  0.50   71250     759   70870  1543896  21.67
1945-1949       54      0.01191  0.01184  0.50   70491     835   70074  1473025  20.90
1945-1949       55      0.01304  0.01295  0.50   69656     902   69205  1402952  20.14
1945-1949       56      0.01439  0.01428  0.50   68754     982   68263  1333747  19.40
1945-1949       57      0.01375  0.01366  0.50   67772     926   67309  1265484  18.67
1945-1949       58      0.01740  0.01725  0.50   66846    1153   66270  1198174  17.92
1945-1949       59      0.01633  0.01620  0.50   65693    1064   65161  1131905  17.23
1945-1949       60      0.02349  0.02322  0.50   64629    1501   63878  1066744  16.51
1945-1949       61      0.01611  0.01598  0.50   63128    1009   62624  1002866  15.89
1945-1949       62      0.02324  0.02297  0.50   62119    1427   61406   940242  15.14
1945-1949       63      0.02408  0.02379  0.50   60692    1444   59970   878836  14.48
1945-1949       64      0.02628  0.02594  0.50   59248    1537   58480   818866  13.82
1945-1949       65      0.03347  0.03292  0.50   57711    1900   56761   760387  13.18
1945-1949       66      0.03222  0.03171  0.50   55811    1770   54926   703625  12.61
1945-1949       67      0.03537  0.03476  0.50   54041    1878   53102   648699  12.00
1945-1949       68      0.03958  0.03881  0.50   52163    2024   51151   595597  11.42
1945-1949       69      0.03621  0.03557  0.50   50139    1783   49247   544446  10.86
1945-1949       70      0.05782  0.05619  0.50   48355    2717   46997   495199  10.24
1945-1949       71      0.03878  0.03805  0.50   45638    1736   44770   448202   9.82
1945-1949       72      0.06030  0.05854  0.50   43902    2570   42617   403432   9.19
1945-1949       73      0.06039  0.05862  0.50   41332    2423   40121   360815   8.73
1945-1949       74      0.06795  0.06571  0.50   38909    2557   37631   320695   8.24
1945-1949       75      0.08166  0.07846  0.50   36352    2852   34926   283064   7.79
1945-1949       76      0.08466  0.08122  0.50   33500    2721   32140   248138   7.41
1945-1949       77      0.09014  0.08625  0.50   30779    2655   29452   215998   7.02
1945-1949       78      0.12026  0.11344  0.50   28125    3191   26529   186546   6.63
1945-1949       79      0.09685  0.09237  0.50   24934    2303   23782   160017   6.42
1945-1949       80      0.14297  0.13343  0.50   22631    3020   21121   136234   6.02
1945-1949       81      0.09070  0.08677  0.50   19611    1702   18760   115114   5.87
1945-1949       82      0.13902  0.12998  0.50   17909    2328   16746    96353   5.38
1945-1949       83      0.13128  0.12319  0.50   15582    1920   14622    79608   5.11
1945-1949       84      0.17629  0.16201  0.50   13662    2213   12555    64986   4.76
1945-1949       85      0.18701  0.17102  0.50   11449    1958   10470    52431   4.58
1945-1949       86      0.19547  0.17807  0.50    9491    1690    8646    41961   4.42
1945-1949       87      0.19410  0.17693  0.50    7801    1380    7111    33315   4.27
1945-1949       88      0.22287  0.20052  0.50    6421    1287    5777    26205   4.08
1945-1949       89      0.20780  0.18824  0.50    5133     966    4650    20428   3.98
1945-1949       90      0.28202  0.24717  0.50    4167    1030    3652    15778   3.79
1945-1949       91      0.16848  0.15539  0.50    3137     487    2893    12126   3.87
1945-1949       92      0.24789  0.22056  0.50    2649     584    2357     9233   3.48
1945-1949       93      0.24266  0.21640  0.50    2065     447    1842     6875   3.33
1945-1949       94      0.25476  0.22598  0.50    1618     366    1435     5034   3.11
1945-1949       95      0.31101  0.26916  0.50    1253     337    1084     3598   2.87
1945-1949       96      0.32805  0.28182  0.50     915     258     786     2514   2.75
1945-1949       97      0.34553  0.29463  0.50     657     194     561     1728   2.63
1945-1949       98      0.36343  0.30755  0.50     464     143     392     1167   2.52
1945-1949       99      0.38171  0.32054  0.50     321     103     270      775   2.41
1945-1949      100      0.40034  0.33357  0.50     218      73     182      505   2.32
1945-1949      101      0.41926  0.34660  0.50     145      50     120      323   2.22
1945-1949      102      0.43844  0.35961  0.50      95      34      78      203   2.14
1945-1949      103      0.45783  0.37255  0.50      61      23      50      125   2.06
1945-1949      104      0.47738  0.38539  0.50      38      15      31       76   1.99
1945-1949      105      0.49703  0.39809  0.50      23       9      19       45   1.92
1945-1949      106      0.51672  0.41063  0.50      14       6      11       26   1.85
1945-1949      107      0.53640  0.42296  0.50       8       4       7       15   1.80
1945-1949      108      0.55601  0.43506  0.50       5       2       4        8   1.75
1945-1949      109      0.57549  0.44690  0.50       3       1       2        5   1.71
1945-1949      110+     0.59478  1.00000  1.68       2       2       3        3   1.68
1950-1954        0      0.06726  0.06413  0.27  100000    6413   95346  6414715  64.15
1950-1954        1      0.01058  0.01052  0.50   93587     985   93095  6319370  67.52
1950-1954        2      0.00576  0.00574  0.50   92602     532   92336  6226275  67.24
1950-1954        3      0.00349  0.00348  0.50   92071     321   91910  6133938  66.62
1950-1954        4      0.00243  0.00243  0.50   91750     223   91638  6042028  65.85
1950-1954        5      0.00187  0.00187  0.50   91527     171   91441  5950390  65.01
1950-1954        6      0.00165  0.00164  0.50   91355     150   91280  5858949  64.13
1950-1954        7      0.00139  0.00139  0.50   91205     126   91142  5767669  63.24
1950-1954        8      0.00117  0.00117  0.50   91079     106   91026  5676527  62.33
1950-1954        9      0.00108  0.00108  0.50   90972      98   90923  5585501  61.40
1950-1954       10      0.00107  0.00107  0.50   90874      97   90826  5494578  60.46
1950-1954       11      0.00095  0.00095  0.50   90777      86   90734  5403752  59.53
1950-1954       12      0.00095  0.00095  0.50   90691      86   90648  5313018  58.58
1950-1954       13      0.00103  0.00103  0.50   90605      93   90558  5222370  57.64
1950-1954       14      0.00118  0.00118  0.50   90511     106   90458  5131812  56.70
1950-1954       15      0.00121  0.00121  0.50   90405     110   90350  5041354  55.76
1950-1954       16      0.00129  0.00129  0.50   90295     116   90237  4951004  54.83
1950-1954       17      0.00146  0.00146  0.50   90179     131   90113  4860767  53.90
1950-1954       18      0.00172  0.00172  0.50   90047     155   89970  4770654  52.98
1950-1954       19      0.00172  0.00172  0.50   89892     154   89815  4680684  52.07
1950-1954       20      0.00199  0.00199  0.50   89738     178   89649  4590869  51.16
1950-1954       21      0.00189  0.00189  0.50   89560     169   89475  4501220  50.26
1950-1954       22      0.00222  0.00222  0.50   89391     198   89292  4411745  49.35
1950-1954       23      0.00218  0.00217  0.50   89192     194   89095  4322453  48.46
1950-1954       24      0.00227  0.00226  0.50   88999     201   88898  4233358  47.57
1950-1954       25      0.00237  0.00237  0.50   88797     210   88692  4144460  46.67
1950-1954       26      0.00244  0.00243  0.50   88587     216   88479  4055768  45.78
1950-1954       27      0.00256  0.00256  0.50   88371     226   88258  3967289  44.89
1950-1954       28      0.00264  0.00264  0.50   88145     232   88029  3879031  44.01
1950-1954       29      0.00237  0.00237  0.50   87913     208   87809  3791002  43.12
1950-1954       30      0.00279  0.00278  0.50   87705     244   87583  3703193  42.22
1950-1954       31      0.00232  0.00232  0.50   87461     203   87359  3615610  41.34
1950-1954       32      0.00286  0.00286  0.50   87258     249   87133  3528251  40.43
1950-1954       33      0.00278  0.00278  0.50   87008     242   86887  3441118  39.55
1950-1954       34      0.00279  0.00278  0.50   86766     242   86646  3354231  38.66
1950-1954       35      0.00298  0.00297  0.50   86525     257   86396  3267585  37.76
1950-1954       36      0.00306  0.00306  0.50   86268     264   86136  3181189  36.88
1950-1954       37      0.00312  0.00311  0.50   86004     268   85870  3095053  35.99
1950-1954       38      0.00362  0.00361  0.50   85736     310   85581  3009183  35.10
1950-1954       39      0.00323  0.00322  0.50   85426     275   85289  2923602  34.22
1950-1954       40      0.00427  0.00427  0.50   85151     363   84969  2838313  33.33
1950-1954       41      0.00325  0.00324  0.50   84788     275   84650  2753344  32.47
1950-1954       42      0.00460  0.00459  0.50   84513     388   84319  2668694  31.58
1950-1954       43      0.00414  0.00413  0.50   84125     347   83951  2584376  30.72
1950-1954       44      0.00455  0.00454  0.50   83777     380   83587  2500425  29.85
1950-1954       45      0.00537  0.00535  0.50   83397     446   83174  2416837  28.98
1950-1954       46      0.00526  0.00525  0.50   82951     435   82733  2333663  28.13
1950-1954       47      0.00546  0.00544  0.50   82515     449   82291  2250930  27.28
1950-1954       48      0.00662  0.00660  0.50   82066     542   81796  2168640  26.43
1950-1954       49      0.00606  0.00604  0.50   81525     492   81279  2086844  25.60
1950-1954       50      0.00824  0.00820  0.50   81033     665   80700  2005565  24.75
1950-1954       51      0.00669  0.00666  0.50   80368     536   80100  1924865  23.95
1950-1954       52      0.00910  0.00906  0.50   79832     723   79471  1844765  23.11
1950-1954       53      0.00906  0.00902  0.50   79109     714   78752  1765294  22.31
1950-1954       54      0.01029  0.01024  0.50   78396     803   77994  1686542  21.51
1950-1954       55      0.01080  0.01074  0.50   77593     833   77176  1608548  20.73
1950-1954       56      0.01205  0.01198  0.50   76760     920   76300  1531371  19.95
1950-1954       57      0.01210  0.01203  0.50   75840     912   75384  1455071  19.19
1950-1954       58      0.01462  0.01451  0.50   74928    1087   74384  1379688  18.41
1950-1954       59      0.01425  0.01415  0.50   73840    1045   73318  1305303  17.68
1950-1954       60      0.01949  0.01930  0.50   72795    1405   72093  1231986  16.92
1950-1954       61      0.01553  0.01541  0.50   71390    1100   70840  1159893  16.25
1950-1954       62      0.02125  0.02103  0.50   70290    1478   69551  1089052  15.49
1950-1954       63      0.02259  0.02234  0.50   68812    1537   68044  1019501  14.82
1950-1954       64      0.02459  0.02429  0.50   67275    1634   66458   951457  14.14
1950-1954       65      0.02882  0.02841  0.50   65641    1865   64709   884999  13.48
1950-1954       66      0.02845  0.02805  0.50   63776    1789   62882   820290  12.86
1950-1954       67      0.03180  0.03130  0.50   61987    1940   61017   757409  12.22
1950-1954       68      0.03571  0.03508  0.50   60047    2107   58993   696392  11.60
1950-1954       69      0.03411  0.03354  0.50   57940    1943   56968   637399  11.00
1950-1954       70      0.05151  0.05021  0.50   55997    2812   54591   580430  10.37
1950-1954       71      0.04182  0.04096  0.50   53185    2178   52096   525840   9.89
1950-1954       72      0.06039  0.05862  0.50   51006    2990   49512   473744   9.29
1950-1954       73      0.06149  0.05966  0.50   48017    2865   46584   424233   8.84
1950-1954       74      0.07021  0.06783  0.50   45152    3062   43621   377648   8.36
1950-1954       75      0.07712  0.07426  0.50   42089    3125   40527   334028   7.94
1950-1954       76      0.08159  0.07839  0.50   38964    3054   37437   293501   7.53
1950-1954       77      0.08685  0.08324  0.50   35910    2989   34415   256064   7.13
1950-1954       78      0.10973  0.10403  0.50   32921    3425   31208   221649   6.73
1950-1954       79      0.09265  0.08855  0.50   29496    2612   28190   190441   6.46
1950-1954       80      0.13233  0.12412  0.50   26884    3337   25216   162251   6.04
1950-1954       81      0.09618  0.09177  0.50   23547    2161   22467   137035   5.82
1950-1954       82      0.13888  0.12987  0.50   21386    2777   19998   114568   5.36
1950-1954       83      0.13580  0.12716  0.50   18609    2366   17426    94570   5.08
1950-1954       84      0.17437  0.16039  0.50   16243    2605   14940    77145   4.75
1950-1954       85      0.17636  0.16207  0.50   13638    2210   12532    62205   4.56
1950-1954       86      0.19798  0.18015  0.50   11427    2059   10398    49672   4.35
1950-1954       87      0.19881  0.18084  0.50    9369    1694    8522    39274   4.19
1950-1954       88      0.22450  0.20185  0.50    7674    1549    6900    30753   4.01
1950-1954       89      0.21217  0.19182  0.50    6125    1175    5538    23853   3.89
1950-1954       90      0.27768  0.24383  0.50    4950    1207    4347    18315   3.70
1950-1954       91      0.17893  0.16424  0.50    3743     615    3436    13968   3.73
1950-1954       92      0.25764  0.22824  0.50    3129     714    2772    10532   3.37
1950-1954       93      0.24960  0.22191  0.50    2415     536    2147     7760   3.21
1950-1954       94      0.27441  0.24130  0.50    1879     453    1652     5614   2.99
1950-1954       95      0.32133  0.27685  0.50    1425     395    1228     3962   2.78
1950-1954       96      0.33982  0.29046  0.50    1031     299     881     2733   2.65
1950-1954       97      0.35878  0.30421  0.50     731     222     620     1852   2.53
1950-1954       98      0.37819  0.31805  0.50     509     162     428     1232   2.42
1950-1954       99      0.39799  0.33194  0.50     347     115     289      804   2.32
1950-1954      100      0.41814  0.34583  0.50     232      80     192      515   2.22
1950-1954      101      0.43857  0.35969  0.50     152      55     124      323   2.13
1950-1954      102      0.45922  0.37347  0.50      97      36      79      199   2.05
1950-1954      103      0.48004  0.38712  0.50      61      24      49      120   1.97
1950-1954      104      0.50095  0.40061  0.50      37      15      30       71   1.90
1950-1954      105      0.52189  0.41389  0.50      22       9      18       41   1.83
1950-1954      106      0.54278  0.42692  0.50      13       6      10       23   1.77
1950-1954      107      0.56357  0.43967  0.50       8       3       6       13   1.71
1950-1954      108      0.58417  0.45211  0.50       4       2       3        7   1.66
1950-1954      109      0.60452  0.46421  0.50       2       1       2        4   1.63
1950-1954      110+     0.62456  1.00000  1.60       1       1       2        2   1.60
1955-1959        0      0.05419  0.05201  0.23  100000    5201   95985  6751769  67.52
1955-1959        1      0.00540  0.00538  0.50   94799     510   94543  6655784  70.21
1955-1959        2      0.00299  0.00299  0.50   94288     282   94147  6561241  69.59
1955-1959        3      0.00187  0.00187  0.50   94006     175   93919  6467093  68.79
1955-1959        4      0.00146  0.00146  0.50   93831     137   93763  6373175  67.92
1955-1959        5      0.00111  0.00111  0.50   93694     104   93643  6279412  67.02
1955-1959        6      0.00098  0.00098  0.50   93591      92   93545  6185770  66.09
1955-1959        7      0.00083  0.00083  0.50   93499      78   93460  6092225  65.16
1955-1959        8      0.00072  0.00072  0.50   93421      67   93388  5998765  64.21
1955-1959        9      0.00063  0.00063  0.50   93354      59   93325  5905377  63.26
1955-1959       10      0.00066  0.00066  0.50   93295      62   93264  5812052  62.30
1955-1959       11      0.00060  0.00060  0.50   93233      56   93205  5718788  61.34
1955-1959       12      0.00065  0.00065  0.50   93177      61   93147  5625583  60.38
1955-1959       13      0.00062  0.00062  0.50   93116      58   93087  5532436  59.41
1955-1959       14      0.00073  0.00073  0.50   93058      68   93024  5439349  58.45
1955-1959       15      0.00072  0.00072  0.50   92990      67   92956  5346325  57.49
1955-1959       16      0.00079  0.00079  0.50   92923      74   92886  5253369  56.53
1955-1959       17      0.00091  0.00091  0.50   92849      85   92807  5160483  55.58
1955-1959       18      0.00102  0.00102  0.50   92764      94   92717  5067676  54.63
1955-1959       19      0.00102  0.00101  0.50   92670      94   92623  4974959  53.68
1955-1959       20      0.00113  0.00113  0.50   92576     104   92524  4882337  52.74
1955-1959       21      0.00111  0.00111  0.50   92471     102   92420  4789813  51.80
1955-1959       22      0.00123  0.00123  0.50   92369     114   92313  4697393  50.85
1955-1959       23      0.00128  0.00128  0.50   92256     118   92197  4605080  49.92
1955-1959       24      0.00142  0.00142  0.50   92138     131   92072  4512884  48.98
1955-1959       25      0.00147  0.00147  0.50   92007     135   91939  4420811  48.05
1955-1959       26      0.00154  0.00154  0.50   91871     141   91801  4328872  47.12
1955-1959       27      0.00164  0.00164  0.50   91730     151   91655  4237071  46.19
1955-1959       28      0.00173  0.00173  0.50   91580     158   91501  4145416  45.27
1955-1959       29      0.00159  0.00159  0.50   91421     146   91349  4053916  44.34
1955-1959       30      0.00180  0.00180  0.50   91276     164   91194  3962567  43.41
1955-1959       31      0.00159  0.00159  0.50   91111     145   91039  3871374  42.49
1955-1959       32      0.00189  0.00189  0.50   90967     172   90881  3780335  41.56
1955-1959       33      0.00195  0.00195  0.50   90795     177   90706  3689454  40.63
1955-1959       34      0.00203  0.00203  0.50   90618     184   90526  3598747  39.71
1955-1959       35      0.00221  0.00221  0.50   90434     200   90334  3508221  38.79
1955-1959       36      0.00237  0.00237  0.50   90234     214   90127  3417888  37.88
1955-1959       37      0.00236  0.00236  0.50   90020     213   89914  3327760  36.97
1955-1959       38      0.00266  0.00265  0.50   89808     238   89689  3237846  36.05
1955-1959       39      0.00262  0.00261  0.50   89570     234   89452  3148158  35.15
1955-1959       40      0.00326  0.00326  0.50   89335     291   89190  3058705  34.24
1955-1959       41      0.00268  0.00268  0.50   89044     238   88925  2969515  33.35
1955-1959       42      0.00357  0.00356  0.50   88806     316   88648  2880590  32.44
1955-1959       43      0.00336  0.00336  0.50   88490     297   88341  2791942  31.55
1955-1959       44      0.00370  0.00369  0.50   88193     326   88030  2703601  30.66
1955-1959       45      0.00414  0.00413  0.50   87867     363   87685  2615571  29.77
1955-1959       46      0.00430  0.00429  0.50   87504     375   87316  2527885  28.89
1955-1959       47      0.00456  0.00455  0.50   87129     397   86930  2440569  28.01
1955-1959       48      0.00539  0.00537  0.50   86732     466   86499  2353639  27.14
1955-1959       49      0.00533  0.00532  0.50   86266     459   86037  2267140  26.28
1955-1959       50      0.00675  0.00673  0.50   85807     577   85519  2181103  25.42
1955-1959       51      0.00590  0.00589  0.50   85230     502   84979  2095584  24.59
1955-1959       52      0.00774  0.00771  0.50   84728     653   84402  2010605  23.73
1955-1959       53      0.00787  0.00784  0.50   84075     659   83746  1926203  22.91
1955-1959       54      0.00871  0.00867  0.50   83416     724   83055  1842458  22.09
1955-1959       55      0.00934  0.00929  0.50   82693     768   82309  1759403  21.28
1955-1959       56      0.01053  0.01047  0.50   81924     858   81495  1677095  20.47
1955-1959       57      0.01094  0.01088  0.50   81066     882   80625  1595599  19.68
1955-1959       58      0.01321  0.01312  0.50   80184    1052   79658  1514974  18.89
1955-1959       59      0.01302  0.01294  0.50   79132    1024   78620  1435316  18.14
1955-1959       60      0.01627  0.01614  0.50   78108    1261   77478  1356696  17.37
1955-1959       61      0.01426  0.01416  0.50   76848    1088   76303  1279218  16.65
1955-1959       62      0.01875  0.01857  0.50   75759    1407   75056  1202915  15.88
1955-1959       63      0.02064  0.02042  0.50   74352    1519   73593  1127859  15.17
1955-1959       64      0.02281  0.02256  0.50   72834    1643   72012  1054266  14.47
1955-1959       65      0.02670  0.02635  0.50   71191    1876   70253   982254  13.80
1955-1959       66      0.02699  0.02663  0.50   69315    1846   68392   912001  13.16
1955-1959       67      0.03123  0.03075  0.50   67469    2075   66432   843609  12.50
1955-1959       68      0.03430  0.03372  0.50   65394    2205   64292   777177  11.88
1955-1959       69      0.03336  0.03282  0.50   63189    2074   62152   712886  11.28
1955-1959       70      0.04466  0.04368  0.50   61115    2670   59781   650733  10.65
1955-1959       71      0.03899  0.03825  0.50   58446    2235   57328   590953  10.11
1955-1959       72      0.05398  0.05256  0.50   56211    2954   54733   533625   9.49
1955-1959       73      0.05524  0.05376  0.50   53256    2863   51825   478891   8.99
1955-1959       74      0.06338  0.06143  0.50   50393    3096   48845   427066   8.47
1955-1959       75      0.07152  0.06905  0.50   47297    3266   45664   378221   8.00
1955-1959       76      0.07804  0.07511  0.50   44032    3307   42378   332557   7.55
1955-1959       77      0.08534  0.08185  0.50   40724    3333   39058   290179   7.13
1955-1959       78      0.10453  0.09934  0.50   37391    3714   35534   251121   6.72
1955-1959       79      0.09523  0.09091  0.50   33677    3061   32146   215587   6.40
1955-1959       80      0.12432  0.11704  0.50   30615    3583   28824   183441   5.99
1955-1959       81      0.10234  0.09736  0.50   27032    2632   25716   154618   5.72
1955-1959       82      0.13838  0.12943  0.50   24400    3158   22821   128902   5.28
1955-1959       83      0.13844  0.12948  0.50   21242    2750   19867   106081   4.99
1955-1959       84      0.17416  0.16021  0.50   18492    2963   17010    86214   4.66
1955-1959       85      0.17837  0.16377  0.50   15529    2543   14258    69203   4.46
1955-1959       86      0.19719  0.17949  0.50   12986    2331   11821    54946   4.23
1955-1959       87      0.20286  0.18418  0.50   10655    1962    9674    43125   4.05
1955-1959       88      0.23589  0.21100  0.50    8693    1834    7776    33451   3.85
1955-1959       89      0.21949  0.19779  0.50    6859    1357    6180    25676   3.74
1955-1959       90      0.27634  0.24279  0.50    5502    1336    4834    19495   3.54
1955-1959       91      0.19533  0.17795  0.50    4166     741    3795    14661   3.52
1955-1959       92      0.27082  0.23852  0.50    3425     817    3016    10866   3.17
1955-1959       93      0.27233  0.23969  0.50    2608     625    2295     7849   3.01
1955-1959       94      0.29731  0.25883  0.50    1983     513    1726     5554   2.80
1955-1959       95      0.34350  0.29315  0.50    1470     431    1254     3828   2.60
1955-1959       96      0.36468  0.30844  0.50    1039     320     879     2574   2.48
1955-1959       97      0.38639  0.32383  0.50     718     233     602     1695   2.36
1955-1959       98      0.40857  0.33926  0.50     486     165     403     1093   2.25
1955-1959       99      0.43114  0.35468  0.50     321     114     264      690   2.15
1955-1959      100      0.45401  0.37001  0.50     207      77     169      426   2.06
1955-1959      101      0.47708  0.38520  0.50     130      50     105      257   1.97
1955-1959      102      0.50027  0.40017  0.50      80      32      64      151   1.89
1955-1959      103      0.52348  0.41489  0.50      48      20      38       87   1.81
1955-1959      104      0.54660  0.42928  0.50      28      12      22       49   1.75
1955-1959      105      0.56955  0.44330  0.50      16       7      13       27   1.68
1955-1959      106      0.59222  0.45692  0.50       9       4       7       15   1.63
1955-1959      107      0.61453  0.47009  0.50       5       2       4        8   1.58
1955-1959      108      0.63639  0.48277  0.50       3       1       2        4   1.53
1955-1959      109      0.65772  0.49495  0.50       1       1       1        2   1.50
1955-1959      110+     0.67845  1.00000  1.47       1       1       1        1   1.47
1960-1964        0      0.04446  0.04292  0.19  100000    4292   96538  6975755  69.76
1960-1964        1      0.00309  0.00309  0.50   95708     295   95560  6879216  71.88
1960-1964        2      0.00172  0.00172  0.50   95412     164   95330  6783656  71.10
1960-1964        3      0.00116  0.00116  0.50   95248     111   95193  6688326  70.22
1960-1964        4      0.00094  0.00094  0.50   95137      90   95093  6593134  69.30
1960-1964        5      0.00074  0.00074  0.50   95048      71   95012  6498041  68.37
1960-1964        6      0.00066  0.00066  0.50   94977      63   94946  6403029  67.42
1960-1964        7      0.00062  0.00062  0.50   94914      59   94885  6308083  66.46
1960-1964        8      0.00055  0.00055  0.50   94855      52   94829  6213199  65.50
1960-1964        9      0.00048  0.00048  0.50   94803      46   94780  6118369  64.54
1960-1964       10      0.00046  0.00046  0.50   94757      43   94736  6023589  63.57
1960-1964       11      0.00046  0.00046  0.50   94714      43   94692  5928854  62.60
1960-1964       12      0.00052  0.00052  0.50   94671      49   94646  5834161  61.63
1960-1964       13      0.00047  0.00047  0.50   94621      44   94599  5739515  60.66
1960-1964       14      0.00054  0.00054  0.50   94577      51   94551  5644916  59.69
1960-1964       15      0.00056  0.00056  0.50   94526      53   94499  5550365  58.72
1960-1964       16      0.00063  0.00063  0.50   94472      59   94443  5455866  57.75
1960-1964       17      0.00071  0.00071  0.50   94413      67   94379  5361424  56.79
1960-1964       18      0.00079  0.00079  0.50   94346      75   94308  5267044  55.83
1960-1964       19      0.00084  0.00084  0.50   94271      79   94231  5172736  54.87
1960-1964       20      0.00085  0.00085  0.50   94192      80   94152  5078504  53.92
1960-1964       21      0.00086  0.00085  0.50   94111      80   94071  4984353  52.96
1960-1964       22      0.00090  0.00090  0.50   94031      85   93989  4890282  52.01
1960-1964       23      0.00093  0.00093  0.50   93946      87   93903  4796293  51.05
1960-1964       24      0.00104  0.00104  0.50   93859      97   93810  4702390  50.10
1960-1964       25      0.00114  0.00113  0.50   93762     106   93709  4608580  49.15
1960-1964       26      0.00118  0.00117  0.50   93656     110   93600  4514871  48.21
1960-1964       27      0.00126  0.00126  0.50   93545     118   93487  4421271  47.26
1960-1964       28      0.00131  0.00131  0.50   93428     122   93367  4327784  46.32
1960-1964       29      0.00126  0.00125  0.50   93306     117   93247  4234417  45.38
1960-1964       30      0.00139  0.00139  0.50   93189     129   93124  4141170  44.44
1960-1964       31      0.00130  0.00130  0.50   93059     121   92999  4048046  43.50
1960-1964       32      0.00159  0.00158  0.50   92939     147   92865  3955047  42.56
1960-1964       33      0.00155  0.00155  0.50   92792     144   92720  3862182  41.62
1960-1964       34      0.00166  0.00166  0.50   92648     154   92571  3769462  40.69
1960-1964       35      0.00174  0.00174  0.50   92494     161   92414  3676891  39.75
1960-1964       36      0.00185  0.00185  0.50   92334     170   92248  3584477  38.82
1960-1964       37      0.00195  0.00194  0.50   92163     179   92074  3492229  37.89
1960-1964       38      0.00219  0.00219  0.50   91984     201   91883  3400155  36.96
1960-1964       39      0.00216  0.00216  0.50   91783     198   91684  3308272  36.04
1960-1964       40      0.00257  0.00256  0.50   91584     235   91467  3216588  35.12
1960-1964       41      0.00243  0.00242  0.50   91350     221   91239  3125121  34.21
1960-1964       42      0.00310  0.00309  0.50   91128     282   90987  3033882  33.29
1960-1964       43      0.00294  0.00294  0.50   90846     267   90713  2942895  32.39
1960-1964       44      0.00326  0.00326  0.50   90579     295   90432  2852182  31.49
1960-1964       45      0.00363  0.00362  0.50   90284     327   90121  2761750  30.59
1960-1964       46      0.00383  0.00382  0.50   89957     344   89785  2671629  29.70
1960-1964       47      0.00413  0.00412  0.50   89613     369   89429  2581844  28.81
1960-1964       48      0.00468  0.00467  0.50   89244     416   89036  2492415  27.93
1960-1964       49      0.00481  0.00480  0.50   88828     426   88615  2403380  27.06
1960-1964       50      0.00567  0.00566  0.50   88401     500   88151  2314765  26.18
1960-1964       51      0.00558  0.00556  0.50   87901     489   87657  2226614  25.33
1960-1964       52      0.00689  0.00687  0.50   87413     600   87112  2138957  24.47
1960-1964       53      0.00713  0.00710  0.50   86812     616   86504  2051844  23.64
1960-1964       54      0.00788  0.00785  0.50   86196     676   85858  1965340  22.80
1960-1964       55      0.00826  0.00822  0.50   85519     703   85168  1879483  21.98
1960-1964       56      0.00954  0.00949  0.50   84816     805   84413  1794315  21.16
1960-1964       57      0.01001  0.00996  0.50   84011     837   83592  1709902  20.35
1960-1964       58      0.01160  0.01154  0.50   83174     960   82694  1626309  19.55
1960-1964       59      0.01240  0.01232  0.50   82214    1013   81708  1543615  18.78
1960-1964       60      0.01461  0.01450  0.50   81201    1178   80612  1461907  18.00
1960-1964       61      0.01407  0.01397  0.50   80023    1118   79464  1381295  17.26
1960-1964       62      0.01762  0.01746  0.50   78905    1378   78216  1301831  16.50
1960-1964       63      0.01886  0.01868  0.50   77528    1449   76803  1223614  15.78
1960-1964       64      0.02076  0.02055  0.50   76079    1563   75297  1146811  15.07
1960-1964       65      0.02327  0.02300  0.50   74516    1714   73659  1071514  14.38
1960-1964       66      0.02412  0.02383  0.50   72802    1735   71934   997855  13.71
1960-1964       67      0.02753  0.02715  0.50   71067    1930   70102   925921  13.03
1960-1964       68      0.03127  0.03079  0.50   69137    2129   68073   855819  12.38
1960-1964       69      0.03135  0.03087  0.50   67009    2068   65974   787746  11.76
1960-1964       70      0.03932  0.03857  0.50   64940    2504   63688   721771  11.11
1960-1964       71      0.03767  0.03698  0.50   62436    2309   61281   658083  10.54
1960-1964       72      0.04993  0.04872  0.50   60127    2929   58663   596802   9.93
1960-1964       73      0.05217  0.05084  0.50   57198    2908   55744   538139   9.41
1960-1964       74      0.05900  0.05731  0.50   54290    3112   52734   482395   8.89
1960-1964       75      0.06405  0.06207  0.50   51178    3176   49590   429661   8.40
1960-1964       76      0.07043  0.06803  0.50   48002    3266   46369   380071   7.92
1960-1964       77      0.07621  0.07341  0.50   44736    3284   43094   333702   7.46
1960-1964       78      0.09271  0.08861  0.50   41452    3673   39616   290608   7.01
1960-1964       79      0.09149  0.08749  0.50   37779    3305   36127   250993   6.64
1960-1964       80      0.10885  0.10323  0.50   34474    3559   32695   214866   6.23
1960-1964       81      0.10313  0.09807  0.50   30915    3032   29399   182171   5.89
1960-1964       82      0.13255  0.12431  0.50   27883    3466   26150   152772   5.48
1960-1964       83      0.13410  0.12567  0.50   24417    3069   22883   126622   5.19
1960-1964       84      0.15928  0.14753  0.50   21348    3150   19774   103739   4.86
1960-1964       85      0.16529  0.15268  0.50   18199    2779   16810    83966   4.61
1960-1964       86      0.18178  0.16663  0.50   15420    2569   14136    67156   4.36
1960-1964       87      0.19366  0.17657  0.50   12851    2269   11716    53021   4.13
1960-1964       88      0.21788  0.19648  0.50   10582    2079    9542    41304   3.90
1960-1964       89      0.22177  0.19963  0.50    8503    1697    7654    31762   3.74
1960-1964       90      0.25810  0.22860  0.50    6805    1556    6027    24108   3.54
1960-1964       91      0.21056  0.19050  0.50    5250    1000    4750    18081   3.44
1960-1964       92      0.27734  0.24356  0.50    4250    1035    3732    13331   3.14
1960-1964       93      0.27467  0.24150  0.50    3214     776    2826     9599   2.99
1960-1964       94      0.30842  0.26721  0.50    2438     652    2112     6773   2.78
1960-1964       95      0.34067  0.29109  0.50    1787     520    1527     4660   2.61
1960-1964       96      0.36309  0.30730  0.50    1267     389    1072     3134   2.47
1960-1964       97      0.38614  0.32365  0.50     877     284     735     2062   2.35
1960-1964       98      0.40974  0.34007  0.50     593     202     493     1326   2.24
1960-1964       99      0.43378  0.35646  0.50     392     140     322      834   2.13
1960-1964      100      0.45815  0.37276  0.50     252      94     205      512   2.03
1960-1964      101      0.48276  0.38889  0.50     158      61     127      307   1.94
1960-1964      102      0.50747  0.40476  0.50      97      39      77      180   1.86
1960-1964      103      0.53216  0.42032  0.50      57      24      45      103   1.78
1960-1964      104      0.55672  0.43550  0.50      33      15      26       57   1.71
1960-1964      105      0.58103  0.45023  0.50      19       8      15       31   1.65
1960-1964      106      0.60498  0.46448  0.50      10       5       8       16   1.59
1960-1964      107      0.62845  0.47819  0.50       6       3       4        9   1.54
1960-1964      108      0.65134  0.49133  0.50       3       1       2        4   1.50
1960-1964      109      0.67358  0.50388  0.50       1       1       1        2   1.46
1960-1964      110+     0.69508  1.00000  1.44       1       1       1        1   1.44
1965-1969        0      0.03489  0.03390  0.16  100000    3390   97152  7125200  71.25
1965-1969        1      0.00161  0.00161  0.50   96610     156   96533  7028048  72.75
1965-1969        2      0.00107  0.00107  0.50   96455     103   96403  6931516  71.86
1965-1969        3      0.00075  0.00075  0.50   96351      73   96315  6835113  70.94
1965-1969        4      0.00068  0.00068  0.50   96279      66   96246  6738798  69.99
1965-1969        5      0.00053  0.00053  0.50   96213      51   96187  6642552  69.04
1965-1969        6      0.00051  0.00051  0.50   96162      49   96138  6546364  68.08
1965-1969        7      0.00044  0.00044  0.50   96113      42   96092  6450227  67.11
1965-1969        8      0.00041  0.00041  0.50   96071      40   96051  6354135  66.14
1965-1969        9      0.00040  0.00040  0.50   96031      38   96012  6258084  65.17
1965-1969       10      0.00036  0.00036  0.50   95993      35   95975  6162072  64.19
1965-1969       11      0.00035  0.00035  0.50   95958      33   95941  6066096  63.22
1965-1969       12      0.00043  0.00043  0.50   95924      41   95904  5970155  62.24
1965-1969       13      0.00041  0.00041  0.50   95883      40   95864  5874251  61.26
1965-1969       14      0.00049  0.00049  0.50   95844      47   95821  5778388  60.29
1965-1969       15      0.00050  0.00050  0.50   95797      48   95773  5682567  59.32
1965-1969       16      0.00055  0.00055  0.50   95749      53   95723  5586794  58.35
1965-1969       17      0.00061  0.00061  0.50   95696      58   95667  5491072  57.38
1965-1969       18      0.00072  0.00072  0.50   95638      69   95603  5395405  56.41
1965-1969       19      0.00081  0.00081  0.50   95569      78   95530  5299801  55.46
1965-1969       20      0.00085  0.00085  0.50   95491      81   95451  5204271  54.50
1965-1969       21      0.00087  0.00087  0.50   95410      83   95369  5108820  53.55
1965-1969       22      0.00087  0.00087  0.50   95327      83   95286  5013452  52.59
1965-1969       23      0.00091  0.00091  0.50   95244      87   95201  4918166  51.64
1965-1969       24      0.00103  0.00103  0.50   95157      98   95108  4822965  50.68
1965-1969       25      0.00099  0.00099  0.50   95059      94   95012  4727857  49.74
1965-1969       26      0.00102  0.00101  0.50   94965      96   94917  4632845  48.78
1965-1969       27      0.00103  0.00103  0.50   94869      98   94820  4537929  47.83
1965-1969       28      0.00112  0.00111  0.50   94771     106   94718  4443109  46.88
1965-1969       29      0.00114  0.00114  0.50   94665     108   94611  4348391  45.93
1965-1969       30      0.00119  0.00119  0.50   94557     112   94501  4253780  44.99
1965-1969       31      0.00115  0.00115  0.50   94445     108   94391  4159279  44.04
1965-1969       32      0.00131  0.00131  0.50   94337     124   94275  4064889  43.09
1965-1969       33      0.00141  0.00141  0.50   94213     133   94146  3970614  42.15
1965-1969       34      0.00147  0.00147  0.50   94080     139   94010  3876468  41.20
1965-1969       35      0.00154  0.00154  0.50   93941     144   93869  3782457  40.26
1965-1969       36      0.00167  0.00166  0.50   93797     156   93719  3688588  39.33
1965-1969       37      0.00181  0.00181  0.50   93641     169   93556  3594869  38.39
1965-1969       38      0.00197  0.00197  0.50   93472     184   93380  3501313  37.46
1965-1969       39      0.00209  0.00209  0.50   93287     195   93190  3407933  36.53
1965-1969       40      0.00230  0.00229  0.50   93092     214   92986  3314743  35.61
1965-1969       41      0.00227  0.00226  0.50   92879     210   92774  3221758  34.69
1965-1969       42      0.00274  0.00273  0.50   92668     253   92542  3128984  33.77
1965-1969       43      0.00276  0.00276  0.50   92415     255   92287  3036443  32.86
1965-1969       44      0.00318  0.00317  0.50   92160     293   92014  2944155  31.95
1965-1969       45      0.00332  0.00331  0.50   91867     304   91715  2852142  31.05
1965-1969       46      0.00368  0.00368  0.50   91563     337   91395  2760426  30.15
1965-1969       47      0.00401  0.00400  0.50   91226     365   91044  2669032  29.26
1965-1969       48      0.00458  0.00457  0.50   90861     415   90654  2577988  28.37
1965-1969       49      0.00461  0.00460  0.50   90446     416   90238  2487334  27.50
1965-1969       50      0.00529  0.00527  0.50   90030     475   89793  2397096  26.63
1965-1969       51      0.00525  0.00524  0.50   89556     469   89321  2307303  25.76
1965-1969       52      0.00639  0.00637  0.50   89087     567   88803  2217982  24.90
1965-1969       53      0.00668  0.00665  0.50   88519     589   88225  2129179  24.05
1965-1969       54      0.00755  0.00752  0.50   87930     661   87600  2040954  23.21
1965-1969       55      0.00774  0.00771  0.50   87269     673   86933  1953354  22.38
1965-1969       56      0.00886  0.00882  0.50   86596     764   86214  1866422  21.55
1965-1969       57      0.00946  0.00941  0.50   85832     808   85428  1780207  20.74
1965-1969       58      0.01092  0.01086  0.50   85024     923   84563  1694779  19.93
1965-1969       59      0.01168  0.01161  0.50   84101     976   83613  1610217  19.15
1965-1969       60      0.01357  0.01348  0.50   83125    1121   82564  1526604  18.37
1965-1969       61      0.01348  0.01339  0.50   82004    1098   81455  1444040  17.61
1965-1969       62      0.01629  0.01616  0.50   80906    1307   80253  1362584  16.84
1965-1969       63      0.01730  0.01715  0.50   79599    1365   78916  1282332  16.11
1965-1969       64      0.01973  0.01953  0.50   78234    1528   77470  1203415  15.38
1965-1969       65      0.02198  0.02174  0.50   76705    1668   75872  1125946  14.68
1965-1969       66      0.02352  0.02325  0.50   75038    1745   74165  1050074  13.99
1965-1969       67      0.02663  0.02628  0.50   73293    1926   72330   975909  13.32
1965-1969       68      0.02988  0.02944  0.50   71367    2101   70316   903579  12.66
1965-1969       69      0.03115  0.03067  0.50   69266    2124   68204   833263  12.03
1965-1969       70      0.03664  0.03598  0.50   67142    2416   65934   765059  11.39
1965-1969       71      0.03645  0.03580  0.50   64726    2317   63567   699125  10.80
1965-1969       72      0.04646  0.04540  0.50   62409    2833   60992   635558  10.18
1965-1969       73      0.04924  0.04806  0.50   59575    2863   58144   574566   9.64
1965-1969       74      0.05646  0.05491  0.50   56712    3114   55155   516422   9.11
1965-1969       75      0.06150  0.05967  0.50   53598    3198   51999   461266   8.61
1965-1969       76      0.06714  0.06496  0.50   50400    3274   48763   409267   8.12
1965-1969       77      0.07373  0.07111  0.50   47126    3351   45451   360504   7.65
1965-1969       78      0.08736  0.08370  0.50   43775    3664   41943   315053   7.20
1965-1969       79      0.08822  0.08449  0.50   40111    3389   38416   273110   6.81
1965-1969       80      0.10281  0.09778  0.50   36722    3591   34927   234694   6.39
1965-1969       81      0.10125  0.09637  0.50   33131    3193   31535   199767   6.03
1965-1969       82      0.12327  0.11611  0.50   29938    3476   28200   168232   5.62
1965-1969       83      0.12819  0.12047  0.50   26462    3188   24868   140032   5.29
1965-1969       84      0.15341  0.14248  0.50   23274    3316   21616   115164   4.95
1965-1969       85      0.16024  0.14835  0.50   19958    2961   18478    93548   4.69
1965-1969       86      0.17576  0.16156  0.50   16997    2746   15624    75070   4.42
1965-1969       87      0.18781  0.17169  0.50   14251    2447   13028    59446   4.17
1965-1969       88      0.21170  0.19144  0.50   11804    2260   10674    46418   3.93
1965-1969       89      0.22210  0.19990  0.50    9545    1908    8591    35743   3.74
1965-1969       90      0.24430  0.21771  0.50    7637    1663    6805    27153   3.56
1965-1969       91      0.22907  0.20553  0.50    5974    1228    5360    20347   3.41
1965-1969       92      0.27004  0.23791  0.50    4746    1129    4182    14987   3.16
1965-1969       93      0.27565  0.24226  0.50    3617     876    3179    10806   2.99
1965-1969       94      0.30674  0.26595  0.50    2741     729    2376     7627   2.78
1965-1969       95      0.33909  0.28994  0.50    2012     583    1720     5250   2.61
1965-1969       96      0.36227  0.30671  0.50    1429     438    1209     3530   2.47
1965-1969       97      0.38613  0.32365  0.50     990     321     830     2321   2.34
1965-1969       98      0.41060  0.34066  0.50     670     228     556     1491   2.23
1965-1969       99      0.43555  0.35766  0.50     442     158     363      935   2.12
1965-1969      100      0.46087  0.37456  0.50     284     106     231      572   2.02
1965-1969      101      0.48644  0.39127  0.50     177      69     143      342   1.93
1965-1969      102      0.51212  0.40772  0.50     108      44      86      199   1.84
1965-1969      103      0.53777  0.42381  0.50      64      27      50      113   1.76
1965-1969      104      0.56327  0.43949  0.50      37      16      29       62   1.69
1965-1969      105      0.58848  0.45469  0.50      21       9      16       34   1.63
1965-1969      106      0.61327  0.46935  0.50      11       5       9       18   1.57
1965-1969      107      0.63752  0.48343  0.50       6       3       5        9   1.52
1965-1969      108      0.66113  0.49688  0.50       3       2       2        5   1.48
1965-1969      109      0.68399  0.50968  0.50       2       1       1        2   1.44
1965-1969      110+     0.70603  1.00000  1.42       1       1       1        1   1.42
1970-1974        0      0.02416  0.02366  0.12  100000    2366   97922  7253202  72.53
1970-1974        1      0.00142  0.00142  0.50   97634     138   97565  7155280  73.29
1970-1974        2      0.00093  0.00093  0.50   97496      91   97450  7057715  72.39
1970-1974        3      0.00072  0.00072  0.50   97405      70   97370  6960265  71.46
1970-1974        4      0.00059  0.00059  0.50   97334      57   97306  6862895  70.51
1970-1974        5      0.00050  0.00050  0.50   97277      49   97253  6765589  69.55
1970-1974        6      0.00045  0.00045  0.50   97229      44   97206  6668337  68.58
1970-1974        7      0.00043  0.00043  0.50   97184      42   97163  6571130  67.62
1970-1974        8      0.00040  0.00040  0.50   97142      39   97123  6473967  66.64
1970-1974        9      0.00036  0.00036  0.50   97103      35   97086  6376844  65.67
1970-1974       10      0.00033  0.00033  0.50   97068      32   97052  6279758  64.69
1970-1974       11      0.00034  0.00034  0.50   97036      33   97020  6182706  63.72
1970-1974       12      0.00035  0.00035  0.50   97004      33   96987  6085686  62.74
1970-1974       13      0.00036  0.00036  0.50   96970      35   96953  5988699  61.76
1970-1974       14      0.00044  0.00044  0.50   96935      42   96914  5891746  60.78
1970-1974       15      0.00048  0.00048  0.50   96893      47   96869  5794832  59.81
1970-1974       16      0.00055  0.00055  0.50   96846      53   96820  5697963  58.84
1970-1974       17      0.00062  0.00062  0.50   96793      60   96763  5601143  57.87
1970-1974       18      0.00072  0.00072  0.50   96733      70   96698  5504380  56.90
1970-1974       19      0.00080  0.00080  0.50   96664      78   96625  5407682  55.94
1970-1974       20      0.00085  0.00085  0.50   96586      82   96545  5311057  54.99
1970-1974       21      0.00081  0.00081  0.50   96504      78   96465  5214512  54.03
1970-1974       22      0.00082  0.00082  0.50   96426      79   96387  5118046  53.08
1970-1974       23      0.00090  0.00090  0.50   96347      87   96304  5021660  52.12
1970-1974       24      0.00091  0.00091  0.50   96260      87   96217  4925356  51.17
1970-1974       25      0.00091  0.00091  0.50   96173      88   96129  4829139  50.21
1970-1974       26      0.00099  0.00099  0.50   96085      95   96038  4733010  49.26
1970-1974       27      0.00101  0.00101  0.50   95990      97   95942  4636973  48.31
1970-1974       28      0.00099  0.00098  0.50   95894      94   95847  4541031  47.35
1970-1974       29      0.00101  0.00101  0.50   95799      96   95751  4445184  46.40
1970-1974       30      0.00107  0.00107  0.50   95703     102   95652  4349433  45.45
1970-1974       31      0.00111  0.00110  0.50   95601     106   95548  4253781  44.50
1970-1974       32      0.00126  0.00126  0.50   95495     120   95435  4158233  43.54
1970-1974       33      0.00132  0.00132  0.50   95375     126   95312  4062797  42.60
1970-1974       34      0.00130  0.00130  0.50   95249     123   95187  3967485  41.65
1970-1974       35      0.00141  0.00141  0.50   95126     134   95058  3872298  40.71
1970-1974       36      0.00153  0.00153  0.50   94991     145   94919  3777240  39.76
1970-1974       37      0.00162  0.00162  0.50   94846     154   94769  3682321  38.82
1970-1974       38      0.00177  0.00177  0.50   94692     168   94608  3587552  37.89
1970-1974       39      0.00190  0.00190  0.50   94524     180   94435  3492944  36.95
1970-1974       40      0.00216  0.00216  0.50   94345     204   94243  3398509  36.02
1970-1974       41      0.00216  0.00216  0.50   94141     203   94040  3304266  35.10
1970-1974       42      0.00260  0.00260  0.50   93938     244   93816  3210226  34.17
1970-1974       43      0.00263  0.00263  0.50   93694     246   93571  3116410  33.26
1970-1974       44      0.00278  0.00278  0.50   93448     260   93318  3022840  32.35
1970-1974       45      0.00310  0.00310  0.50   93188     289   93044  2929522  31.44
1970-1974       46      0.00336  0.00336  0.50   92899     312   92743  2836478  30.53
1970-1974       47      0.00382  0.00381  0.50   92588     353   92411  2743735  29.63
1970-1974       48      0.00425  0.00424  0.50   92235     391   92039  2651324  28.75
1970-1974       49      0.00459  0.00458  0.50   91843     420   91633  2559285  27.87
1970-1974       50      0.00509  0.00508  0.50   91423     464   91191  2467652  26.99
1970-1974       51      0.00533  0.00532  0.50   90959     484   90717  2376461  26.13
1970-1974       52      0.00628  0.00626  0.50   90475     566   90192  2285744  25.26
1970-1974       53      0.00644  0.00642  0.50   89909     577   89620  2195552  24.42
1970-1974       54      0.00723  0.00721  0.50   89331     644   89010  2105932  23.57
1970-1974       55      0.00747  0.00744  0.50   88688     660   88358  2016923  22.74
1970-1974       56      0.00846  0.00843  0.50   88028     742   87657  1928565  21.91
1970-1974       57      0.00907  0.00903  0.50   87286     788   86892  1840908  21.09
1970-1974       58      0.01019  0.01014  0.50   86498     877   86060  1754016  20.28
1970-1974       59      0.01087  0.01081  0.50   85622     925   85159  1667956  19.48
1970-1974       60      0.01225  0.01217  0.50   84696    1031   84181  1582797  18.69
1970-1974       61      0.01290  0.01281  0.50   83665    1072   83129  1498616  17.91
1970-1974       62      0.01522  0.01510  0.50   82593    1247   81969  1415487  17.14
1970-1974       63      0.01644  0.01630  0.50   81346    1326   80683  1333517  16.39
1970-1974       64      0.01825  0.01808  0.50   80020    1447   79296  1252835  15.66
1970-1974       65      0.02045  0.02024  0.50   78573    1591   77777  1173539  14.94
1970-1974       66      0.02172  0.02148  0.50   76982    1654   76155  1095761  14.23
1970-1974       67      0.02438  0.02409  0.50   75328    1814   74421  1019606  13.54
1970-1974       68      0.02684  0.02649  0.50   73514    1947   72540   945186  12.86
1970-1974       69      0.02947  0.02904  0.50   71566    2078   70527   872646  12.19
1970-1974       70      0.03415  0.03358  0.50   69488    2333   68321   802119  11.54
1970-1974       71      0.03679  0.03613  0.50   67155    2426   65942   733797  10.93
1970-1974       72      0.04383  0.04289  0.50   64729    2776   63341   667856  10.32
1970-1974       73      0.04763  0.04652  0.50   61953    2882   60512   604515   9.76
1970-1974       74      0.05343  0.05204  0.50   59071    3074   57534   544003   9.21
1970-1974       75      0.05819  0.05654  0.50   55996    3166   54413   486470   8.69
1970-1974       76      0.06600  0.06389  0.50   52830    3375   51143   432056   8.18
1970-1974       77      0.07080  0.06838  0.50   49455    3382   47764   380914   7.70
1970-1974       78      0.08271  0.07943  0.50   46073    3659   44244   333150   7.23
1970-1974       79      0.08714  0.08350  0.50   42414    3542   40643   288906   6.81
1970-1974       80      0.09801  0.09343  0.50   38872    3632   37056   248263   6.39
1970-1974       81      0.10207  0.09711  0.50   35241    3422   33529   211207   5.99
1970-1974       82      0.12289  0.11578  0.50   31818    3684   29976   177677   5.58
1970-1974       83      0.13069  0.12268  0.50   28134    3451   26409   147701   5.25
1970-1974       84      0.15065  0.14009  0.50   24683    3458   22954   121292   4.91
1970-1974       85      0.15838  0.14676  0.50   21225    3115   19668    98338   4.63
1970-1974       86      0.17558  0.16141  0.50   18110    2923   16649    78670   4.34
1970-1974       87      0.19120  0.17451  0.50   15187    2650   13862    62022   4.08
1970-1974       88      0.20906  0.18927  0.50   12537    2373   11350    48160   3.84
1970-1974       89      0.22151  0.19942  0.50   10164    2027    9150    36810   3.62
1970-1974       90      0.24865  0.22116  0.50    8137    1800    7237    27659   3.40
1970-1974       91      0.24432  0.21772  0.50    6337    1380    5648    20422   3.22
1970-1974       92      0.28885  0.25240  0.50    4958    1251    4332    14774   2.98
1970-1974       93      0.30058  0.26131  0.50    3706     969    3222    10442   2.82
1970-1974       94      0.33639  0.28795  0.50    2738     788    2344     7220   2.64
1970-1974       95      0.35441  0.30106  0.50    1949     587    1656     4877   2.50
1970-1974       96      0.37967  0.31909  0.50    1363     435    1145     3221   2.36
1970-1974       97      0.40565  0.33725  0.50     928     313     771     2075   2.24
1970-1974       98      0.43223  0.35542  0.50     615     219     506     1304   2.12
1970-1974       99      0.45925  0.37349  0.50     396     148     322      798   2.01
1970-1974      100      0.48657  0.39136  0.50     248      97     200      476   1.92
1970-1974      101      0.51403  0.40893  0.50     151      62     120      276   1.83
1970-1974      102      0.54145  0.42610  0.50      89      38      70      156   1.75
1970-1974      103      0.56868  0.44278  0.50      51      23      40       86   1.67
1970-1974      104      0.59554  0.45890  0.50      29      13      22       46   1.61
1970-1974      105      0.62189  0.47438  0.50      15       7      12       24   1.55
1970-1974      106      0.64758  0.48919  0.50       8       4       6       12   1.49
1970-1974      107      0.67249  0.50327  0.50       4       2       3        6   1.45
1970-1974      108      0.69650  0.51659  0.50       2       1       2        3   1.40
1970-1974      109      0.71951  0.52915  0.50       1       1       1        1   1.37
1970-1974      110+     0.74146  1.00000  1.35       0       0       1        1   1.35
1975-1979        0      0.01633  0.01610  0.12  100000    1610   98576  7421879  74.22
1975-1979        1      0.00119  0.00119  0.50   98390     117   98332  7323303  74.43
1975-1979        2      0.00074  0.00074  0.50   98273      72   98237  7224971  73.52
1975-1979        3      0.00057  0.00057  0.50   98201      56   98173  7126734  72.57
1975-1979        4      0.00045  0.00045  0.50   98144      45   98122  7028562  71.61
1975-1979        5      0.00041  0.00041  0.50   98100      40   98080  6930440  70.65
1975-1979        6      0.00036  0.00036  0.50   98059      36   98042  6832360  69.68
1975-1979        7      0.00036  0.00036  0.50   98024      35   98006  6734318  68.70
1975-1979        8      0.00035  0.00035  0.50   97989      34   97972  6636312  67.73
1975-1979        9      0.00032  0.00032  0.50   97955      31   97939  6538340  66.75
1975-1979       10      0.00031  0.00031  0.50   97923      30   97908  6440402  65.77
1975-1979       11      0.00029  0.00029  0.50   97893      28   97879  6342493  64.79
1975-1979       12      0.00031  0.00031  0.50   97864      30   97849  6244615  63.81
1975-1979       13      0.00033  0.00033  0.50   97834      32   97818  6146765  62.83
1975-1979       14      0.00038  0.00038  0.50   97802      37   97784  6048947  61.85
1975-1979       15      0.00043  0.00043  0.50   97765      42   97744  5951163  60.87
1975-1979       16      0.00053  0.00053  0.50   97723      52   97697  5853419  59.90
1975-1979       17      0.00059  0.00059  0.50   97671      58   97642  5755722  58.93
1975-1979       18      0.00071  0.00071  0.50   97613      70   97579  5658079  57.96
1975-1979       19      0.00076  0.00075  0.50   97544      74   97507  5560501  57.01
1975-1979       20      0.00078  0.00078  0.50   97470      76   97432  5462994  56.05
1975-1979       21      0.00074  0.00074  0.50   97394      72   97357  5365562  55.09
1975-1979       22      0.00078  0.00078  0.50   97321      76   97283  5268204  54.13
1975-1979       23      0.00078  0.00078  0.50   97245      75   97208  5170921  53.17
1975-1979       24      0.00079  0.00079  0.50   97170      77   97131  5073713  52.21
1975-1979       25      0.00080  0.00080  0.50   97093      77   97054  4976582  51.26
1975-1979       26      0.00080  0.00080  0.50   97016      78   96977  4879528  50.30
1975-1979       27      0.00081  0.00081  0.50   96938      78   96899  4782551  49.34
1975-1979       28      0.00084  0.00084  0.50   96860      81   96819  4685652  48.38
1975-1979       29      0.00084  0.00084  0.50   96779      81   96738  4588833  47.42
1975-1979       30      0.00096  0.00096  0.50   96697      93   96651  4492095  46.46
1975-1979       31      0.00093  0.00093  0.50   96605      90   96560  4395444  45.50
1975-1979       32      0.00098  0.00098  0.50   96515      94   96468  4298884  44.54
1975-1979       33      0.00110  0.00110  0.50   96420     106   96367  4202416  43.58
1975-1979       34      0.00112  0.00112  0.50   96315     108   96261  4106049  42.63
1975-1979       35      0.00121  0.00121  0.50   96207     117   96148  4009788  41.68
1975-1979       36      0.00129  0.00129  0.50   96090     124   96028  3913640  40.73
1975-1979       37      0.00137  0.00137  0.50   95966     131   95900  3817612  39.78
1975-1979       38      0.00160  0.00159  0.50   95835     153   95758  3721711  38.83
1975-1979       39      0.00169  0.00169  0.50   95682     162   95601  3625953  37.90
1975-1979       40      0.00185  0.00185  0.50   95520     177   95432  3530352  36.96
1975-1979       41      0.00193  0.00193  0.50   95344     184   95252  3434920  36.03
1975-1979       42      0.00220  0.00219  0.50   95160     209   95055  3339668  35.10
1975-1979       43      0.00235  0.00234  0.50   94951     222   94840  3244612  34.17
1975-1979       44      0.00265  0.00264  0.50   94729     250   94603  3149773  33.25
1975-1979       45      0.00287  0.00287  0.50   94478     271   94343  3055169  32.34
1975-1979       46      0.00313  0.00312  0.50   94207     294   94060  2960826  31.43
1975-1979       47      0.00348  0.00347  0.50   93913     326   93750  2866766  30.53
1975-1979       48      0.00380  0.00379  0.50   93587     354   93410  2773017  29.63
1975-1979       49      0.00416  0.00415  0.50   93232     387   93039  2679607  28.74
1975-1979       50      0.00472  0.00471  0.50   92845     437   92627  2586568  27.86
1975-1979       51      0.00496  0.00495  0.50   92408     457   92180  2493941  26.99
1975-1979       52      0.00554  0.00552  0.50   91951     508   91698  2401761  26.12
1975-1979       53      0.00603  0.00601  0.50   91444     549   91169  2310064  25.26
1975-1979       54      0.00659  0.00656  0.50   90894     597   90596  2218895  24.41
1975-1979       55      0.00726  0.00723  0.50   90298     653   89971  2128298  23.57
1975-1979       56      0.00789  0.00786  0.50   89645     705   89292  2038327  22.74
1975-1979       57      0.00857  0.00853  0.50   88940     759   88561  1949035  21.91
1975-1979       58      0.00945  0.00941  0.50   88181     830   87767  1860474  21.10
1975-1979       59      0.01044  0.01039  0.50   87352     907   86898  1772708  20.29
1975-1979       60      0.01150  0.01143  0.50   86444     988   85950  1685810  19.50
1975-1979       61      0.01196  0.01189  0.50   85456    1016   84948  1599859  18.72
1975-1979       62      0.01348  0.01339  0.50   84440    1131   83875  1514911  17.94
1975-1979       63      0.01468  0.01458  0.50   83310    1214   82702  1431036  17.18
1975-1979       64      0.01617  0.01604  0.50   82095    1317   81437  1348334  16.42
1975-1979       65      0.01782  0.01766  0.50   80778    1427   80065  1266897  15.68
1975-1979       66      0.01987  0.01967  0.50   79351    1561   78571  1186833  14.96
1975-1979       67      0.02204  0.02180  0.50   77790    1696   76942  1108262  14.25
1975-1979       68      0.02442  0.02412  0.50   76095    1836   75177  1031320  13.55
1975-1979       69      0.02686  0.02651  0.50   74259    1968   73275   956143  12.88
1975-1979       70      0.03037  0.02992  0.50   72290    2163   71209   882869  12.21
1975-1979       71      0.03285  0.03232  0.50   70128    2266   68994   811660  11.57
1975-1979       72      0.03723  0.03655  0.50   67861    2480   66621   742666  10.94
1975-1979       73      0.04121  0.04038  0.50   65381    2640   64061   676044  10.34
1975-1979       74      0.04615  0.04511  0.50   62741    2830   61326   611984   9.75
1975-1979       75      0.05200  0.05069  0.50   59911    3037   58393   550658   9.19
1975-1979       76      0.05820  0.05655  0.50   56874    3216   55266   492265   8.66
1975-1979       77      0.06401  0.06203  0.50   53658    3328   51994   436999   8.14
1975-1979       78      0.07214  0.06963  0.50   50329    3504   48577   385006   7.65
1975-1979       79      0.08050  0.07738  0.50   46825    3623   45014   336428   7.18
1975-1979       80      0.08983  0.08597  0.50   43202    3714   41345   291415   6.75
1975-1979       81      0.09742  0.09290  0.50   39488    3668   37654   250070   6.33
1975-1979       82      0.10897  0.10334  0.50   35819    3702   33969   212416   5.93
1975-1979       83      0.12188  0.11488  0.50   32118    3690   30273   178448   5.56
1975-1979       84      0.13450  0.12602  0.50   28428    3583   26637   148175   5.21
1975-1979       85      0.14621  0.13625  0.50   24846    3385   23153   121538   4.89
1975-1979       86      0.16196  0.14983  0.50   21460    3215   19853    98385   4.58
1975-1979       87      0.17505  0.16096  0.50   18245    2937   16777    78532   4.30
1975-1979       88      0.19352  0.17645  0.50   15308    2701   13958    61755   4.03
1975-1979       89      0.20946  0.18960  0.50   12607    2390   11412    47798   3.79
1975-1979       90      0.23080  0.20692  0.50   10217    2114    9160    36386   3.56
1975-1979       91      0.24116  0.21521  0.50    8103    1744    7231    27226   3.36
1975-1979       92      0.27122  0.23883  0.50    6359    1519    5600    19995   3.14
1975-1979       93      0.28632  0.25047  0.50    4840    1212    4234    14396   2.97
1975-1979       94      0.30157  0.26206  0.50    3628     951    3153    10162   2.80
1975-1979       95      0.33458  0.28663  0.50    2677     767    2294     7009   2.62
1975-1979       96      0.35953  0.30475  0.50    1910     582    1619     4715   2.47
1975-1979       97      0.38532  0.32307  0.50    1328     429    1113     3097   2.33
1975-1979       98      0.41182  0.34150  0.50     899     307     745     1983   2.21
1975-1979       99      0.43890  0.35992  0.50     592     213     485     1238   2.09
1975-1979      100      0.46640  0.37820  0.50     379     143     307      753   1.99
1975-1979      101      0.49415  0.39625  0.50     236      93     189      445   1.89
1975-1979      102      0.52198  0.41395  0.50     142      59     113      257   1.80
1975-1979      103      0.54972  0.43120  0.50      83      36      65      144   1.72
1975-1979      104      0.57719  0.44792  0.50      47      21      37       78   1.65
1975-1979      105      0.60422  0.46403  0.50      26      12      20       42   1.59
1975-1979      106      0.63066  0.47947  0.50      14       7      11       21   1.53
1975-1979      107      0.65637  0.49419  0.50       7       4       5       11   1.48
1975-1979      108      0.68122  0.50814  0.50       4       2       3        5   1.43
1975-1979      109      0.70510  0.52131  0.50       2       1       1        3   1.40
1975-1979      110+     0.72792  1.00000  1.37       1       1       1        1   1.37
1980-1984        0      0.01114  0.01103  0.13  100000    1103   99036  7602315  76.02
1980-1984        1      0.00093  0.00093  0.50   98897      92   98851  7503279  75.87
1980-1984        2      0.00062  0.00062  0.50   98805      61   98774  7404428  74.94
1980-1984        3      0.00043  0.00043  0.50   98743      43   98722  7305654  73.99
1980-1984        4      0.00035  0.00035  0.50   98700      35   98683  7206932  73.02
1980-1984        5      0.00034  0.00034  0.50   98666      34   98649  7108249  72.04
1980-1984        6      0.00031  0.00031  0.50   98632      31   98616  7009601  71.07
1980-1984        7      0.00027  0.00027  0.50   98601      27   98588  6910984  70.09
1980-1984        8      0.00027  0.00027  0.50   98574      27   98561  6812397  69.11
1980-1984        9      0.00024  0.00024  0.50   98547      24   98535  6713836  68.13
1980-1984       10      0.00026  0.00026  0.50   98523      26   98511  6615301  67.14
1980-1984       11      0.00024  0.00024  0.50   98498      24   98486  6516790  66.16
1980-1984       12      0.00027  0.00027  0.50   98474      26   98461  6418304  65.18
1980-1984       13      0.00028  0.00028  0.50   98448      27   98434  6319843  64.19
1980-1984       14      0.00032  0.00032  0.50   98421      32   98405  6221409  63.21
1980-1984       15      0.00038  0.00038  0.50   98389      38   98370  6123004  62.23
1980-1984       16      0.00046  0.00046  0.50   98351      45   98329  6024634  61.26
1980-1984       17      0.00054  0.00054  0.50   98306      53   98279  5926306  60.28
1980-1984       18      0.00062  0.00062  0.50   98253      61   98222  5828026  59.32
1980-1984       19      0.00071  0.00071  0.50   98192      70   98157  5729804  58.35
1980-1984       20      0.00069  0.00069  0.50   98123      67   98089  5631647  57.39
1980-1984       21      0.00075  0.00075  0.50   98055      73   98018  5533558  56.43
1980-1984       22      0.00074  0.00074  0.50   97982      72   97946  5435539  55.48
1980-1984       23      0.00073  0.00073  0.50   97910      72   97874  5337594  54.52
1980-1984       24      0.00075  0.00075  0.50   97838      73   97801  5239720  53.56
1980-1984       25      0.00075  0.00075  0.50   97765      73   97728  5141919  52.59
1980-1984       26      0.00073  0.00073  0.50   97692      72   97656  5044190  51.63
1980-1984       27      0.00077  0.00077  0.50   97620      75   97582  4946534  50.67
1980-1984       28      0.00076  0.00076  0.50   97545      74   97508  4848952  49.71
1980-1984       29      0.00079  0.00079  0.50   97470      77   97432  4751445  48.75
1980-1984       30      0.00083  0.00083  0.50   97393      81   97353  4654013  47.79
1980-1984       31      0.00089  0.00089  0.50   97313      86   97269  4556660  46.82
1980-1984       32      0.00089  0.00089  0.50   97226      87   97183  4459390  45.87
1980-1984       33      0.00092  0.00092  0.50   97139      89   97095  4362207  44.91
1980-1984       34      0.00100  0.00100  0.50   97050      97   97002  4265113  43.95
1980-1984       35      0.00109  0.00109  0.50   96953     105   96901  4168111  42.99
1980-1984       36      0.00116  0.00116  0.50   96848     112   96792  4071210  42.04
1980-1984       37      0.00125  0.00125  0.50   96736     121   96675  3974418  41.09
1980-1984       38      0.00132  0.00132  0.50   96615     127   96551  3877743  40.14
1980-1984       39      0.00150  0.00150  0.50   96488     145   96416  3781191  39.19
1980-1984       40      0.00166  0.00166  0.50   96343     160   96263  3684776  38.25
1980-1984       41      0.00170  0.00170  0.50   96184     163   96102  3588513  37.31
1980-1984       42      0.00202  0.00202  0.50   96020     194   95923  3492411  36.37
1980-1984       43      0.00211  0.00211  0.50   95826     202   95726  3396487  35.44
1980-1984       44      0.00230  0.00230  0.50   95625     220   95515  3300762  34.52
1980-1984       45      0.00260  0.00259  0.50   95405     247   95281  3205247  33.60
1980-1984       46      0.00277  0.00276  0.50   95158     263   95026  3109966  32.68
1980-1984       47      0.00306  0.00305  0.50   94895     290   94750  3014940  31.77
1980-1984       48      0.00334  0.00334  0.50   94605     316   94447  2920190  30.87
1980-1984       49      0.00365  0.00365  0.50   94289     344   94117  2825743  29.97
1980-1984       50      0.00416  0.00415  0.50   93945     390   93750  2731626  29.08
1980-1984       51      0.00441  0.00440  0.50   93555     412   93349  2637876  28.20
1980-1984       52      0.00481  0.00480  0.50   93143     447   92920  2544527  27.32
1980-1984       53      0.00531  0.00529  0.50   92696     491   92451  2451607  26.45
1980-1984       54      0.00580  0.00578  0.50   92205     533   91939  2359156  25.59
1980-1984       55      0.00637  0.00635  0.50   91672     582   91381  2267217  24.73
1980-1984       56      0.00688  0.00685  0.50   91090     624   90778  2175836  23.89
1980-1984       57      0.00754  0.00751  0.50   90466     680   90126  2085059  23.05
1980-1984       58      0.00823  0.00820  0.50   89786     736   89418  1994933  22.22
1980-1984       59      0.00918  0.00914  0.50   89050     814   88643  1905515  21.40
1980-1984       60      0.01010  0.01005  0.50   88236     886   87793  1816872  20.59
1980-1984       61      0.01092  0.01086  0.50   87350     949   86875  1729079  19.79
1980-1984       62      0.01200  0.01193  0.50   86401    1031   85885  1642204  19.01
1980-1984       63      0.01297  0.01289  0.50   85370    1100   84820  1556319  18.23
1980-1984       64      0.01432  0.01422  0.50   84269    1198   83670  1471499  17.46
1980-1984       65      0.01548  0.01536  0.50   83071    1276   82433  1387829  16.71
1980-1984       66      0.01680  0.01666  0.50   81795    1363   81113  1305396  15.96
1980-1984       67      0.01866  0.01849  0.50   80432    1487   79688  1224282  15.22
1980-1984       68      0.02059  0.02038  0.50   78945    1609   78140  1144594  14.50
1980-1984       69      0.02267  0.02241  0.50   77336    1733   76469  1066454  13.79
1980-1984       70      0.02569  0.02536  0.50   75602    1917   74644   989985  13.09
1980-1984       71      0.02804  0.02765  0.50   73685    2037   72666   915341  12.42
1980-1984       72      0.03203  0.03152  0.50   71648    2258   70519   842675  11.76
1980-1984       73      0.03536  0.03475  0.50   69389    2411   68184   772156  11.13
1980-1984       74      0.03998  0.03920  0.50   66978    2626   65666   703972  10.51
1980-1984       75      0.04408  0.04313  0.50   64353    2776   62965   638307   9.92
1980-1984       76      0.04934  0.04815  0.50   61577    2965   60095   575342   9.34
1980-1984       77      0.05525  0.05377  0.50   58612    3151   57036   515247   8.79
1980-1984       78      0.06142  0.05959  0.50   55461    3305   53808   458211   8.26
1980-1984       79      0.06926  0.06694  0.50   52156    3491   50410   404403   7.75
1980-1984       80      0.07703  0.07417  0.50   48664    3609   46859   353993   7.27
1980-1984       81      0.08540  0.08190  0.50   45055    3690   43210   307133   6.82
1980-1984       82      0.09574  0.09137  0.50   41365    3779   39475   263923   6.38
1980-1984       83      0.10578  0.10047  0.50   37585    3776   35697   224448   5.97
1980-1984       84      0.11966  0.11291  0.50   33809    3817   31900   188751   5.58
1980-1984       85      0.13223  0.12403  0.50   29992    3720   28132   156851   5.23
1980-1984       86      0.14603  0.13610  0.50   26272    3576   24484   128719   4.90
1980-1984       87      0.16040  0.14849  0.50   22696    3370   21011   104235   4.59
1980-1984       88      0.17483  0.16078  0.50   19326    3107   17772    83224   4.31
1980-1984       89      0.19006  0.17357  0.50   16219    2815   14811    65452   4.04
1980-1984       90      0.21583  0.19481  0.50   13404    2611   12098    50640   3.78
1980-1984       91      0.22126  0.19922  0.50   10793    2150    9718    38542   3.57
1980-1984       92      0.24713  0.21995  0.50    8643    1901    7692    28824   3.34
1980-1984       93      0.26316  0.23256  0.50    6742    1568    5958    21132   3.13
1980-1984       94      0.28136  0.24666  0.50    5174    1276    4536    15175   2.93
1980-1984       95      0.31581  0.27274  0.50    3898    1063    3366    10639   2.73
1980-1984       96      0.34115  0.29144  0.50    2835     826    2422     7273   2.57
1980-1984       97      0.36749  0.31045  0.50    2008     624    1697     4851   2.42
1980-1984       98      0.39471  0.32965  0.50    1385     457    1157     3155   2.28
1980-1984       99      0.42266  0.34892  0.50     928     324     766     1998   2.15
1980-1984      100      0.45117  0.36812  0.50     604     223     493     1232   2.04
1980-1984      101      0.48005  0.38713  0.50     382     148     308      738   1.93
1980-1984      102      0.50912  0.40582  0.50     234      95     187      430   1.84
1980-1984      103      0.53817  0.42406  0.50     139      59     110      244   1.75
1980-1984      104      0.56702  0.44177  0.50      80      35      62      134   1.68
1980-1984      105      0.59545  0.45884  0.50      45      21      34       72   1.61
1980-1984      106      0.62330  0.47520  0.50      24      11      18       37   1.54
1980-1984      107      0.65038  0.49078  0.50      13       6      10       19   1.49
1980-1984      108      0.67656  0.50555  0.50       6       3       5        9   1.44
1980-1984      109      0.70171  0.51946  0.50       3       2       2        4   1.40
1980-1984      110+     0.72572  1.00000  1.38       2       2       2        2   1.38
1985-1989        0      0.00851  0.00845  0.13  100000     845   99267  7680464  76.80
1985-1989        1      0.00072  0.00072  0.50   99155      72   99120  7581197  76.46
1985-1989        2      0.00045  0.00045  0.50   99084      45   99061  7482078  75.51
1985-1989        3      0.00035  0.00035  0.50   99039      35   99021  7383017  74.55
1985-1989        4      0.00030  0.00030  0.50   99004      30   98989  7283995  73.57
1985-1989        5      0.00026  0.00026  0.50   98974      26   98961  7185006  72.59
1985-1989        6      0.00025  0.00025  0.50   98948      25   98935  7086045  71.61
1985-1989        7      0.00025  0.00025  0.50   98923      25   98911  6987110  70.63
1985-1989        8      0.00020  0.00020  0.50   98898      20   98888  6888199  69.65
1985-1989        9      0.00021  0.00021  0.50   98878      20   98868  6789311  68.66
1985-1989       10      0.00020  0.00020  0.50   98858      20   98848  6690443  67.68
1985-1989       11      0.00021  0.00021  0.50   98838      21   98828  6591595  66.69
1985-1989       12      0.00022  0.00022  0.50   98817      21   98807  6492768  65.70
1985-1989       13      0.00024  0.00024  0.50   98796      24   98784  6393961  64.72
1985-1989       14      0.00030  0.00030  0.50   98772      29   98758  6295177  63.73
1985-1989       15      0.00038  0.00038  0.50   98743      37   98724  6196420  62.75
1985-1989       16      0.00050  0.00050  0.50   98706      49   98681  6097695  61.78
1985-1989       17      0.00061  0.00061  0.50   98657      60   98627  5999014  60.81
1985-1989       18      0.00075  0.00075  0.50   98597      74   98560  5900387  59.84
1985-1989       19      0.00079  0.00079  0.50   98523      77   98484  5801828  58.89
1985-1989       20      0.00082  0.00082  0.50   98445      81   98405  5703344  57.93
1985-1989       21      0.00088  0.00088  0.50   98364      86   98321  5604939  56.98
1985-1989       22      0.00090  0.00089  0.50   98278      88   98234  5506618  56.03
1985-1989       23      0.00093  0.00093  0.50   98190      91   98145  5408384  55.08
1985-1989       24      0.00093  0.00093  0.50   98099      91   98053  5310239  54.13
1985-1989       25      0.00095  0.00095  0.50   98008      94   97961  5212185  53.18
1985-1989       26      0.00095  0.00095  0.50   97914      93   97868  5114225  52.23
1985-1989       27      0.00093  0.00093  0.50   97821      91   97776  5016357  51.28
1985-1989       28      0.00094  0.00094  0.50   97730      92   97684  4918581  50.33
1985-1989       29      0.00094  0.00094  0.50   97638      92   97592  4820897  49.38
1985-1989       30      0.00096  0.00096  0.50   97546      94   97499  4723305  48.42
1985-1989       31      0.00095  0.00095  0.50   97453      92   97406  4625805  47.47
1985-1989       32      0.00100  0.00100  0.50   97360      97   97312  4528399  46.51
1985-1989       33      0.00105  0.00105  0.50   97263     102   97212  4431087  45.56
1985-1989       34      0.00106  0.00106  0.50   97161     103   97109  4333875  44.61
1985-1989       35      0.00115  0.00115  0.50   97058     111   97002  4236766  43.65
1985-1989       36      0.00123  0.00123  0.50   96947     119   96887  4139764  42.70
1985-1989       37      0.00126  0.00126  0.50   96827     122   96766  4042877  41.75
1985-1989       38      0.00138  0.00137  0.50   96705     133   96639  3946110  40.81
1985-1989       39      0.00150  0.00150  0.50   96572     145   96500  3849472  39.86
1985-1989       40      0.00159  0.00159  0.50   96427     153   96350  3752972  38.92
1985-1989       41      0.00173  0.00173  0.50   96274     166   96191  3656622  37.98
1985-1989       42      0.00189  0.00189  0.50   96108     182   96017  3560431  37.05
1985-1989       43      0.00207  0.00207  0.50   95926     199   95827  3464414  36.12
1985-1989       44      0.00221  0.00221  0.50   95727     211   95622  3368588  35.19
1985-1989       45      0.00248  0.00247  0.50   95516     236   95398  3272966  34.27
1985-1989       46      0.00268  0.00267  0.50   95279     255   95152  3177568  33.35
1985-1989       47      0.00295  0.00294  0.50   95025     279   94885  3082416  32.44
1985-1989       48      0.00327  0.00327  0.50   94745     309   94591  2987531  31.53
1985-1989       49      0.00354  0.00354  0.50   94436     334   94269  2892941  30.63
1985-1989       50      0.00390  0.00389  0.50   94102     366   93919  2798672  29.74
1985-1989       51      0.00420  0.00419  0.50   93736     393   93539  2704753  28.86
1985-1989       52      0.00458  0.00457  0.50   93343     426   93130  2611213  27.97
1985-1989       53      0.00504  0.00503  0.50   92917     467   92683  2518083  27.10
1985-1989       54      0.00543  0.00541  0.50   92449     500   92199  2425401  26.23
1985-1989       55      0.00591  0.00589  0.50   91949     542   91678  2333202  25.38
1985-1989       56      0.00646  0.00644  0.50   91407     589   91112  2241524  24.52
1985-1989       57      0.00709  0.00707  0.50   90818     642   90497  2150411  23.68
1985-1989       58      0.00770  0.00767  0.50   90176     692   89830  2059914  22.84
1985-1989       59      0.00859  0.00855  0.50   89484     765   89102  1970084  22.02
1985-1989       60      0.00940  0.00936  0.50   88719     830   88304  1880982  21.20
1985-1989       61      0.01015  0.01010  0.50   87889     888   87445  1792678  20.40
1985-1989       62      0.01100  0.01094  0.50   87002     952   86526  1705232  19.60
1985-1989       63      0.01221  0.01214  0.50   86050    1044   85527  1618707  18.81
1985-1989       64      0.01327  0.01319  0.50   85005    1121   84445  1533179  18.04
1985-1989       65      0.01466  0.01455  0.50   83884    1221   83274  1448735  17.27
1985-1989       66      0.01593  0.01580  0.50   82664    1306   82010  1365461  16.52
1985-1989       67      0.01759  0.01744  0.50   81357    1419   80648  1283450  15.78
1985-1989       68      0.01919  0.01901  0.50   79939    1520   79179  1202802  15.05
1985-1989       69      0.02119  0.02097  0.50   78419    1644   77597  1123624  14.33
1985-1989       70      0.02353  0.02326  0.50   76775    1786   75882  1046027  13.62
1985-1989       71      0.02591  0.02558  0.50   74989    1918   74030   970145  12.94
1985-1989       72      0.02878  0.02837  0.50   73071    2073   72034   896115  12.26
1985-1989       73      0.03214  0.03163  0.50   70998    2246   69875   824080  11.61
1985-1989       74      0.03576  0.03513  0.50   68752    2416   67545   754205  10.97
1985-1989       75      0.03989  0.03911  0.50   66337    2595   65039   686661  10.35
1985-1989       76      0.04474  0.04376  0.50   63742    2789   62347   621621   9.75
1985-1989       77      0.05027  0.04904  0.50   60953    2989   59458   559274   9.18
1985-1989       78      0.05621  0.05467  0.50   57964    3169   56379   499816   8.62
1985-1989       79      0.06341  0.06146  0.50   54795    3368   53111   443436   8.09
1985-1989       80      0.07074  0.06833  0.50   51427    3514   49670   390325   7.59
1985-1989       81      0.07813  0.07520  0.50   47913    3603   46112   340655   7.11
1985-1989       82      0.08849  0.08474  0.50   44311    3755   42433   294543   6.65
1985-1989       83      0.09736  0.09284  0.50   40556    3765   38673   252110   6.22
1985-1989       84      0.10982  0.10410  0.50   36790    3830   34876   213437   5.80
1985-1989       85      0.12024  0.11342  0.50   32961    3738   31091   178561   5.42
1985-1989       86      0.13425  0.12581  0.50   29222    3676   27384   147470   5.05
1985-1989       87      0.14934  0.13896  0.50   25546    3550   23771   120086   4.70
1985-1989       88      0.16762  0.15466  0.50   21996    3402   20295    96315   4.38
1985-1989       89      0.18400  0.16850  0.50   18594    3133   17027    76020   4.09
1985-1989       90      0.20462  0.18563  0.50   15461    2870   14026    58993   3.82
1985-1989       91      0.22275  0.20042  0.50   12591    2524   11329    44967   3.57
1985-1989       92      0.24280  0.21651  0.50   10067    2180    8978    33638   3.34
1985-1989       93      0.26345  0.23278  0.50    7888    1836    6970    24660   3.13
1985-1989       94      0.28645  0.25056  0.50    6052    1516    5293    17690   2.92
1985-1989       95      0.31250  0.27027  0.50    4535    1226    3922    12397   2.73
1985-1989       96      0.33931  0.29009  0.50    3310     960    2830     8475   2.56
1985-1989       97      0.36727  0.31029  0.50    2349     729    1985     5645   2.40
1985-1989       98      0.39625  0.33072  0.50    1620     536    1352     3660   2.26
1985-1989       99      0.42605  0.35123  0.50    1085     381     894     2308   2.13
1985-1989      100      0.45648  0.37165  0.50     704     261     573     1414   2.01
1985-1989      101      0.48731  0.39184  0.50     442     173     355      841   1.90
1985-1989      102      0.51831  0.41163  0.50     269     111     214      485   1.80
1985-1989      103      0.54923  0.43090  0.50     158      68     124      272   1.72
1985-1989      104      0.57983  0.44951  0.50      90      40      70      148   1.64
1985-1989      105      0.60988  0.46736  0.50      50      23      38       78   1.57
1985-1989      106      0.63917  0.48437  0.50      26      13      20       40   1.51
1985-1989      107      0.66749  0.50047  0.50      14       7      10       20   1.45
1985-1989      108      0.69470  0.51560  0.50       7       4       5       10   1.40
1985-1989      109      0.72064  0.52976  0.50       3       2       2        4   1.37
1985-1989      110+     0.74522  1.00000  1.34       2       2       2        2   1.34
1990-1994        0      0.00690  0.00686  0.14  100000     686   99407  7751411  77.51
1990-1994        1      0.00064  0.00064  0.50   99314      63   99282  7652004  77.05
1990-1994        2      0.00039  0.00039  0.50   99251      39   99232  7552721  76.10
1990-1994        3      0.00031  0.00031  0.50   99212      31   99197  7453490  75.13
1990-1994        4      0.00026  0.00026  0.50   99182      26   99169  7354293  74.15
1990-1994        5      0.00023  0.00023  0.50   99156      23   99144  7255124  73.17
1990-1994        6      0.00022  0.00022  0.50   99133      21   99122  7155979  72.19
1990-1994        7      0.00020  0.00020  0.50   99111      20   99101  7056857  71.20
1990-1994        8      0.00019  0.00019  0.50   99091      19   99082  6957756  70.22
1990-1994        9      0.00018  0.00018  0.50   99072      18   99064  6858674  69.23
1990-1994       10      0.00018  0.00018  0.50   99055      18   99046  6759611  68.24
1990-1994       11      0.00017  0.00017  0.50   99037      17   99028  6660565  67.25
1990-1994       12      0.00020  0.00020  0.50   99020      19   99010  6561537  66.26
1990-1994       13      0.00023  0.00023  0.50   99000      23   98989  6462527  65.28
1990-1994       14      0.00027  0.00027  0.50   98978      27   98964  6363538  64.29
1990-1994       15      0.00033  0.00033  0.50   98950      32   98934  6264574  63.31
1990-1994       16      0.00044  0.00044  0.50   98918      43   98896  6165640  62.33
1990-1994       17      0.00054  0.00054  0.50   98875      53   98848  6066743  61.36
1990-1994       18      0.00064  0.00064  0.50   98822      63   98790  5967895  60.39
1990-1994       19      0.00074  0.00074  0.50   98759      73   98722  5869105  59.43
1990-1994       20      0.00082  0.00082  0.50   98686      81   98646  5770383  58.47
1990-1994       21      0.00083  0.00083  0.50   98605      82   98564  5671737  57.52
1990-1994       22      0.00088  0.00088  0.50   98523      87   98480  5573173  56.57
1990-1994       23      0.00093  0.00093  0.50   98437      91   98391  5474693  55.62
1990-1994       24      0.00095  0.00095  0.50   98346      94   98299  5376301  54.67
1990-1994       25      0.00106  0.00106  0.50   98252     104   98200  5278003  53.72
1990-1994       26      0.00112  0.00112  0.50   98148     110   98093  5179803  52.78
1990-1994       27      0.00121  0.00121  0.50   98038     118   97979  5081709  51.83
1990-1994       28      0.00126  0.00125  0.50   97920     123   97858  4983730  50.90
1990-1994       29      0.00138  0.00138  0.50   97797     135   97729  4885872  49.96
1990-1994       30      0.00143  0.00143  0.50   97662     139   97592  4788143  49.03
1990-1994       31      0.00139  0.00139  0.50   97523     136   97455  4690550  48.10
1990-1994       32      0.00140  0.00140  0.50   97387     136   97319  4593095  47.16
1990-1994       33      0.00142  0.00142  0.50   97251     138   97182  4495777  46.23
1990-1994       34      0.00138  0.00138  0.50   97113     134   97046  4398595  45.29
1990-1994       35      0.00140  0.00140  0.50   96979     136   96911  4301549  44.36
1990-1994       36      0.00140  0.00140  0.50   96843     136   96775  4204638  43.42
1990-1994       37      0.00141  0.00140  0.50   96707     136   96639  4107863  42.48
1990-1994       38      0.00149  0.00149  0.50   96571     144   96499  4011224  41.54
1990-1994       39      0.00158  0.00157  0.50   96427     152   96351  3914725  40.60
1990-1994       40      0.00168  0.00168  0.50   96275     162   96194  3818374  39.66
1990-1994       41      0.00173  0.00172  0.50   96114     166   96031  3722180  38.73
1990-1994       42      0.00190  0.00190  0.50   95948     183   95857  3626149  37.79
1990-1994       43      0.00203  0.00203  0.50   95765     194   95668  3530292  36.86
1990-1994       44      0.00220  0.00220  0.50   95571     210   95466  3434624  35.94
1990-1994       45      0.00240  0.00240  0.50   95361     229   95246  3339158  35.02
1990-1994       46      0.00260  0.00260  0.50   95132     247   95008  3243912  34.10
1990-1994       47      0.00284  0.00284  0.50   94885     269   94750  3148904  33.19
1990-1994       48      0.00304  0.00304  0.50   94616     287   94472  3054153  32.28
1990-1994       49      0.00335  0.00335  0.50   94328     316   94170  2959682  31.38
1990-1994       50      0.00360  0.00360  0.50   94012     338   93843  2865511  30.48
1990-1994       51      0.00391  0.00390  0.50   93674     366   93491  2771668  29.59
1990-1994       52      0.00425  0.00424  0.50   93309     396   93111  2678177  28.70
1990-1994       53      0.00482  0.00481  0.50   92913     447   92689  2585066  27.82
1990-1994       54      0.00509  0.00508  0.50   92466     470   92231  2492377  26.95
1990-1994       55      0.00553  0.00552  0.50   91996     507   91743  2400145  26.09
1990-1994       56      0.00605  0.00603  0.50   91489     552   91213  2308403  25.23
1990-1994       57      0.00652  0.00650  0.50   90937     591   90642  2217190  24.38
1990-1994       58      0.00714  0.00712  0.50   90346     643   90024  2126548  23.54
1990-1994       59      0.00782  0.00779  0.50   89703     698   89354  2036523  22.70
1990-1994       60      0.00842  0.00839  0.50   89004     746   88631  1947170  21.88
1990-1994       61      0.00923  0.00918  0.50   88258     811   87853  1858539  21.06
1990-1994       62      0.01022  0.01016  0.50   87447     889   87003  1770686  20.25
1990-1994       63      0.01114  0.01108  0.50   86559     959   86079  1683683  19.45
1990-1994       64      0.01232  0.01225  0.50   85600    1048   85076  1597604  18.66
1990-1994       65      0.01343  0.01334  0.50   84552    1128   83987  1512528  17.89
1990-1994       66      0.01463  0.01452  0.50   83423    1212   82817  1428540  17.12
1990-1994       67      0.01619  0.01606  0.50   82212    1320   81552  1345723  16.37
1990-1994       68      0.01769  0.01753  0.50   80892    1418   80182  1264171  15.63
1990-1994       69      0.01960  0.01941  0.50   79473    1543   78702  1183989  14.90
1990-1994       70      0.02181  0.02157  0.50   77931    1681   77090  1105287  14.18
1990-1994       71      0.02383  0.02354  0.50   76249    1795   75352  1028197  13.48
1990-1994       72      0.02655  0.02620  0.50   74454    1951   73479   952845  12.80
1990-1994       73      0.02930  0.02888  0.50   72503    2094   71457   879366  12.13
1990-1994       74      0.03262  0.03210  0.50   70410    2260   69280   807910  11.47
1990-1994       75      0.03607  0.03543  0.50   68150    2415   66942   738630  10.84
1990-1994       76      0.04040  0.03960  0.50   65735    2603   64433   671688  10.22
1990-1994       77      0.04533  0.04432  0.50   63132    2798   61733   607254   9.62
1990-1994       78      0.05121  0.04994  0.50   60334    3013   58827   545521   9.04
1990-1994       79      0.05691  0.05533  0.50   57321    3172   55735   486694   8.49
1990-1994       80      0.06374  0.06177  0.50   54149    3345   52477   430959   7.96
1990-1994       81      0.07137  0.06891  0.50   50804    3501   49054   378483   7.45
1990-1994       82      0.07988  0.07682  0.50   47303    3634   45486   329429   6.96
1990-1994       83      0.08980  0.08594  0.50   43670    3753   41793   283943   6.50
1990-1994       84      0.10074  0.09591  0.50   39917    3828   38002   242149   6.07
1990-1994       85      0.11227  0.10630  0.50   36088    3836   34170   204147   5.66
1990-1994       86      0.12475  0.11743  0.50   32252    3787   30358   169977   5.27
1990-1994       87      0.13976  0.13063  0.50   28465    3718   26606   139618   4.90
1990-1994       88      0.15500  0.14385  0.50   24746    3560   22967   113013   4.57
1990-1994       89      0.17199  0.15837  0.50   21187    3355   19509    90046   4.25
1990-1994       90      0.18989  0.17342  0.50   17831    3092   16285    70537   3.96
1990-1994       91      0.21082  0.19072  0.50   14739    2811   13333    54252   3.68
1990-1994       92      0.23014  0.20639  0.50   11928    2462   10697    40919   3.43
1990-1994       93      0.25284  0.22447  0.50    9466    2125    8404    30222   3.19
1990-1994       94      0.27944  0.24518  0.50    7341    1800    6441    21818   2.97
1990-1994       95      0.30461  0.26435  0.50    5541    1465    4809    15377   2.77
1990-1994       96      0.33220  0.28488  0.50    4076    1161    3496    10568   2.59
1990-1994       97      0.36108  0.30586  0.50    2915     892    2469     7072   2.43
1990-1994       98      0.39110  0.32713  0.50    2024     662    1693     4603   2.27
1990-1994       99      0.42207  0.34852  0.50    1362     475    1124     2910   2.14
1990-1994      100      0.45376  0.36985  0.50     887     328     723     1786   2.01
1990-1994      101      0.48591  0.39093  0.50     559     219     450     1063   1.90
1990-1994      102      0.51827  0.41161  0.50     340     140     270      613   1.80
1990-1994      103      0.55056  0.43172  0.50     200      86     157      343   1.71
1990-1994      104      0.58251  0.45112  0.50     114      51      88      185   1.63
1990-1994      105      0.61384  0.46969  0.50      62      29      48       97   1.56
1990-1994      106      0.64433  0.48733  0.50      33      16      25       49   1.49
1990-1994      107      0.67374  0.50397  0.50      17       9      13       24   1.44
1990-1994      108      0.70190  0.51956  0.50       8       4       6       12   1.39
1990-1994      109      0.72865  0.53407  0.50       4       2       3        5   1.35
1990-1994      110+     0.75389  1.00000  1.33       2       2       3        3   1.33
1995-1999        0      0.00506  0.00504  0.14  100000     504   99566  7865992  78.66
1995-1999        1      0.00047  0.00047  0.50   99496      47   99472  7766426  78.06
1995-1999        2      0.00031  0.00031  0.50   99449      31   99433  7666953  77.09
1995-1999        3      0.00024  0.00024  0.50   99418      24   99406  7567520  76.12
1995-1999        4      0.00021  0.00021  0.50   99394      21   99383  7468114  75.14
1995-1999        5      0.00018  0.00018  0.50   99373      18   99364  7368731  74.15
1995-1999        6      0.00018  0.00018  0.50   99355      18   99346  7269366  73.17
1995-1999        7      0.00015  0.00015  0.50   99337      15   99330  7170020  72.18
1995-1999        8      0.00014  0.00014  0.50   99322      14   99315  7070690  71.19
1995-1999        9      0.00015  0.00015  0.50   99308      15   99301  6971375  70.20
1995-1999       10      0.00015  0.00015  0.50   99293      15   99286  6872074  69.21
1995-1999       11      0.00017  0.00017  0.50   99278      17   99270  6772788  68.22
1995-1999       12      0.00015  0.00015  0.50   99262      15   99254  6673519  67.23
1995-1999       13      0.00018  0.00018  0.50   99246      18   99237  6574265  66.24
1995-1999       14      0.00022  0.00022  0.50   99228      22   99217  6475027  65.25
1995-1999       15      0.00028  0.00028  0.50   99206      28   99193  6375810  64.27
1995-1999       16      0.00039  0.00039  0.50   99179      38   99159  6276617  63.29
1995-1999       17      0.00045  0.00045  0.50   99140      44   99118  6177458  62.31
1995-1999       18      0.00050  0.00050  0.50   99096      50   99071  6078340  61.34
1995-1999       19      0.00052  0.00052  0.50   99046      52   99020  5979269  60.37
1995-1999       20      0.00054  0.00054  0.50   98994      54   98968  5880248  59.40
1995-1999       21      0.00056  0.00056  0.50   98941      56   98913  5781281  58.43
1995-1999       22      0.00060  0.00060  0.50   98885      59   98855  5682368  57.46
1995-1999       23      0.00064  0.00064  0.50   98826      63   98794  5583512  56.50
1995-1999       24      0.00065  0.00065  0.50   98763      64   98731  5484718  55.53
1995-1999       25      0.00071  0.00071  0.50   98699      71   98663  5385987  54.57
1995-1999       26      0.00073  0.00073  0.50   98628      72   98592  5287324  53.61
1995-1999       27      0.00084  0.00084  0.50   98557      82   98515  5188732  52.65
1995-1999       28      0.00090  0.00090  0.50   98474      89   98430  5090216  51.69
1995-1999       29      0.00104  0.00104  0.50   98385     103   98334  4991787  50.74
1995-1999       30      0.00110  0.00110  0.50   98283     108   98229  4893453  49.79
1995-1999       31      0.00118  0.00117  0.50   98175     115   98117  4795224  48.84
1995-1999       32      0.00125  0.00125  0.50   98060     122   97998  4697107  47.90
1995-1999       33      0.00132  0.00132  0.50   97937     129   97873  4599108  46.96
1995-1999       34      0.00133  0.00133  0.50   97808     130   97743  4501236  46.02
1995-1999       35      0.00135  0.00135  0.50   97678     132   97612  4403493  45.08
1995-1999       36      0.00137  0.00137  0.50   97545     133   97479  4305881  44.14
1995-1999       37      0.00143  0.00143  0.50   97412     139   97342  4208403  43.20
1995-1999       38      0.00143  0.00143  0.50   97273     139   97203  4111060  42.26
1995-1999       39      0.00153  0.00152  0.50   97134     148   97060  4013857  41.32
1995-1999       40      0.00162  0.00162  0.50   96986     157   96907  3916797  40.39
1995-1999       41      0.00170  0.00170  0.50   96829     164   96747  3819889  39.45
1995-1999       42      0.00172  0.00172  0.50   96665     166   96582  3723142  38.52
1995-1999       43      0.00199  0.00199  0.50   96499     192   96402  3626561  37.58
1995-1999       44      0.00206  0.00205  0.50   96306     198   96207  3530158  36.66
1995-1999       45      0.00228  0.00228  0.50   96108     219   95999  3433951  35.73
1995-1999       46      0.00239  0.00238  0.50   95890     229   95775  3337952  34.81
1995-1999       47      0.00261  0.00261  0.50   95661     250   95536  3242176  33.89
1995-1999       48      0.00283  0.00282  0.50   95412     269   95277  3146640  32.98
1995-1999       49      0.00312  0.00312  0.50   95142     297   94994  3051363  32.07
1995-1999       50      0.00334  0.00333  0.50   94845     316   94687  2956370  31.17
1995-1999       51      0.00358  0.00357  0.50   94529     338   94361  2861682  30.27
1995-1999       52      0.00393  0.00392  0.50   94192     369   94007  2767322  29.38
1995-1999       53      0.00424  0.00423  0.50   93823     397   93624  2673314  28.49
1995-1999       54      0.00458  0.00457  0.50   93426     427   93213  2579690  27.61
1995-1999       55      0.00501  0.00500  0.50   92999     465   92767  2486478  26.74
1995-1999       56      0.00543  0.00542  0.50   92534     501   92284  2393711  25.87
1995-1999       57      0.00596  0.00594  0.50   92033     546   91760  2301427  25.01
1995-1999       58      0.00654  0.00651  0.50   91487     596   91189  2209667  24.15
1995-1999       59      0.00711  0.00709  0.50   90891     644   90569  2118479  23.31
1995-1999       60      0.00778  0.00775  0.50   90247     699   89897  2027910  22.47
1995-1999       61      0.00840  0.00836  0.50   89548     749   89173  1938013  21.64
1995-1999       62      0.00912  0.00908  0.50   88799     806   88396  1848840  20.82
1995-1999       63      0.01002  0.00997  0.50   87992     878   87554  1760444  20.01
1995-1999       64      0.01106  0.01100  0.50   87115     958   86636  1672891  19.20
1995-1999       65      0.01210  0.01203  0.50   86157    1036   85639  1586255  18.41
1995-1999       66      0.01328  0.01319  0.50   85121    1123   84559  1500616  17.63
1995-1999       67      0.01460  0.01449  0.50   83998    1217   83389  1416056  16.86
1995-1999       68      0.01610  0.01597  0.50   82781    1322   82120  1332667  16.10
1995-1999       69      0.01807  0.01790  0.50   81459    1459   80730  1250547  15.35
1995-1999       70      0.01962  0.01943  0.50   80000    1554   79223  1169817  14.62
1995-1999       71      0.02188  0.02164  0.50   78446    1698   77597  1090594  13.90
1995-1999       72      0.02427  0.02397  0.50   76749    1840   75829  1012997  13.20
1995-1999       73      0.02732  0.02696  0.50   74909    2019   73899   937168  12.51
1995-1999       74      0.03025  0.02980  0.50   72889    2172   71803   863269  11.84
1995-1999       75      0.03382  0.03326  0.50   70717    2352   69541   791466  11.19
1995-1999       76      0.03793  0.03723  0.50   68365    2545   67093   721925  10.56
1995-1999       77      0.04261  0.04172  0.50   65820    2746   64447   654833   9.95
1995-1999       78      0.04737  0.04628  0.50   63074    2919   61615   590386   9.36
1995-1999       79      0.05325  0.05187  0.50   60155    3120   58595   528771   8.79
1995-1999       80      0.05910  0.05740  0.50   57035    3274   55398   470176   8.24
1995-1999       81      0.06569  0.06360  0.50   53761    3419   52051   414778   7.72
1995-1999       82      0.07407  0.07142  0.50   50342    3595   48544   362727   7.21
1995-1999       83      0.08270  0.07941  0.50   46746    3712   44890   314183   6.72
1995-1999       84      0.09295  0.08883  0.50   43034    3823   41123   269292   6.26
1995-1999       85      0.10487  0.09964  0.50   39212    3907   37258   228170   5.82
1995-1999       86      0.11832  0.11171  0.50   35304    3944   33333   190912   5.41
1995-1999       87      0.13256  0.12432  0.50   31361    3899   29411   157579   5.02
1995-1999       88      0.14789  0.13771  0.50   27462    3782   25571   128168   4.67
1995-1999       89      0.16589  0.15319  0.50   23680    3628   21866   102597   4.33
1995-1999       90      0.18485  0.16921  0.50   20053    3393   18356    80730   4.03
1995-1999       91      0.20350  0.18471  0.50   16660    3077   15121    62374   3.74
1995-1999       92      0.22493  0.20219  0.50   13582    2746   12209    47253   3.48
1995-1999       93      0.24568  0.21881  0.50   10836    2371    9651    35044   3.23
1995-1999       94      0.27411  0.24107  0.50    8465    2041    7445    25393   3.00
1995-1999       95      0.29993  0.26081  0.50    6424    1676    5587    17948   2.79
1995-1999       96      0.32847  0.28213  0.50    4749    1340    4079    12362   2.60
1995-1999       97      0.35845  0.30397  0.50    3409    1036    2891     8283   2.43
1995-1999       98      0.38970  0.32615  0.50    2373     774    1986     5392   2.27
1995-1999       99      0.42200  0.34847  0.50    1599     557    1320     3406   2.13
1995-1999      100      0.45508  0.37073  0.50    1042     386     849     2086   2.00
1995-1999      101      0.48867  0.39272  0.50     656     257     527     1237   1.89
1995-1999      102      0.52246  0.41425  0.50     398     165     316      710   1.78
1995-1999      103      0.55614  0.43514  0.50     233     101     182      394   1.69
1995-1999      104      0.58939  0.45523  0.50     132      60     102      212   1.61
1995-1999      105      0.62192  0.47440  0.50      72      34      55      110   1.54
1995-1999      106      0.65345  0.49253  0.50      38      19      28       56   1.47
1995-1999      107      0.68376  0.50955  0.50      19      10      14       27   1.42
1995-1999      108      0.71264  0.52542  0.50       9       5       7       13   1.37
1995-1999      109      0.73993  0.54011  0.50       4       2       3        6   1.33
1995-1999      110+     0.76552  1.00000  1.31       2       2       3        3   1.31
2000-2004        0      0.00410  0.00409  0.14  100000     409   99649  7981593  79.82
2000-2004        1      0.00037  0.00037  0.50   99591      36   99573  7881945  79.14
2000-2004        2      0.00025  0.00025  0.50   99555      25   99542  7782372  78.17
2000-2004        3      0.00018  0.00018  0.50   99530      18   99521  7682830  77.19
2000-2004        4      0.00015  0.00015  0.50   99512      15   99504  7583309  76.21
2000-2004        5      0.00014  0.00014  0.50   99497      14   99490  7483805  75.22
2000-2004        6      0.00013  0.00013  0.50   99483      13   99477  7384315  74.23
2000-2004        7      0.00012  0.00012  0.50   99470      12   99464  7284838  73.24
2000-2004        8      0.00013  0.00013  0.50   99458      13   99451  7185375  72.25
2000-2004        9      0.00012  0.00012  0.50   99445      12   99439  7085923  71.25
2000-2004       10      0.00014  0.00014  0.50   99433      14   99426  6986484  70.26
2000-2004       11      0.00011  0.00011  0.50   99418      11   99413  6887059  69.27
2000-2004       12      0.00014  0.00014  0.50   99407      14   99400  6787646  68.28
2000-2004       13      0.00016  0.00016  0.50   99393      16   99385  6688246  67.29
2000-2004       14      0.00020  0.00020  0.50   99377      20   99367  6588861  66.30
2000-2004       15      0.00026  0.00026  0.50   99357      26   99344  6489494  65.31
2000-2004       16      0.00034  0.00034  0.50   99331      34   99314  6390149  64.33
2000-2004       17      0.00043  0.00043  0.50   99297      42   99276  6290835  63.35
2000-2004       18      0.00047  0.00047  0.50   99255      46   99232  6191559  62.38
2000-2004       19      0.00050  0.00050  0.50   99209      49   99184  6092327  61.41
2000-2004       20      0.00055  0.00055  0.50   99159      55   99132  5993143  60.44
2000-2004       21      0.00052  0.00052  0.50   99105      52   99079  5894011  59.47
2000-2004       22      0.00054  0.00054  0.50   99053      53   99026  5794932  58.50
2000-2004       23      0.00053  0.00053  0.50   99000      52   98974  5695906  57.53
2000-2004       24      0.00052  0.00052  0.50   98948      52   98922  5596932  56.56
2000-2004       25      0.00054  0.00054  0.50   98896      54   98869  5498011  55.59
2000-2004       26      0.00055  0.00055  0.50   98843      54   98816  5399141  54.62
2000-2004       27      0.00057  0.00057  0.50   98789      56   98760  5300326  53.65
2000-2004       28      0.00061  0.00061  0.50   98732      61   98702  5201565  52.68
2000-2004       29      0.00063  0.00063  0.50   98672      62   98641  5102863  51.72
2000-2004       30      0.00069  0.00069  0.50   98610      68   98576  5004222  50.75
2000-2004       31      0.00074  0.00074  0.50   98542      73   98506  4905646  49.78
2000-2004       32      0.00079  0.00078  0.50   98469      77   98431  4807141  48.82
2000-2004       33      0.00086  0.00086  0.50   98392      84   98350  4708710  47.86
2000-2004       34      0.00091  0.00090  0.50   98308      89   98263  4610360  46.90
2000-2004       35      0.00097  0.00097  0.50   98219      96   98171  4512097  45.94
2000-2004       36      0.00106  0.00106  0.50   98123     104   98071  4413926  44.98
2000-2004       37      0.00115  0.00115  0.50   98019     113   97963  4315855  44.03
2000-2004       38      0.00124  0.00124  0.50   97906     122   97846  4217892  43.08
2000-2004       39      0.00134  0.00134  0.50   97785     131   97719  4120046  42.13
2000-2004       40      0.00143  0.00143  0.50   97653     140   97583  4022327  41.19
2000-2004       41      0.00154  0.00154  0.50   97513     151   97438  3924744  40.25
2000-2004       42      0.00163  0.00163  0.50   97363     159   97284  3827306  39.31
2000-2004       43      0.00178  0.00178  0.50   97204     173   97118  3730022  38.37
2000-2004       44      0.00196  0.00196  0.50   97031     190   96936  3632905  37.44
2000-2004       45      0.00214  0.00214  0.50   96841     207   96737  3535969  36.51
2000-2004       46      0.00228  0.00228  0.50   96634     221   96523  3439232  35.59
2000-2004       47      0.00255  0.00255  0.50   96413     246   96290  3342708  34.67
2000-2004       48      0.00278  0.00278  0.50   96168     267   96034  3246418  33.76
2000-2004       49      0.00293  0.00293  0.50   95900     281   95760  3150384  32.85
2000-2004       50      0.00320  0.00320  0.50   95620     306   95467  3054624  31.95
2000-2004       51      0.00342  0.00342  0.50   95314     326   95151  2959157  31.05
2000-2004       52      0.00371  0.00370  0.50   94988     352   94812  2864006  30.15
2000-2004       53      0.00401  0.00400  0.50   94636     379   94447  2769194  29.26
2000-2004       54      0.00433  0.00433  0.50   94258     408   94054  2674747  28.38
2000-2004       55      0.00467  0.00466  0.50   93850     437   93631  2580693  27.50
2000-2004       56      0.00508  0.00506  0.50   93413     473   93176  2487061  26.62
2000-2004       57      0.00552  0.00550  0.50   92940     511   92684  2393885  25.76
2000-2004       58      0.00586  0.00584  0.50   92429     540   92159  2301201  24.90
2000-2004       59      0.00645  0.00643  0.50   91888     591   91593  2209042  24.04
2000-2004       60      0.00713  0.00710  0.50   91298     649   90973  2117449  23.19
2000-2004       61      0.00760  0.00757  0.50   90649     686   90306  2026476  22.36
2000-2004       62      0.00819  0.00815  0.50   89963     733   89596  1936170  21.52
2000-2004       63      0.00915  0.00910  0.50   89229     812   88823  1846574  20.69
2000-2004       64      0.00997  0.00992  0.50   88417     877   87978  1757751  19.88
2000-2004       65      0.01094  0.01088  0.50   87540     952   87064  1669773  19.07
2000-2004       66      0.01195  0.01188  0.50   86588    1029   86073  1582709  18.28
2000-2004       67      0.01314  0.01305  0.50   85559    1117   85000  1496636  17.49
2000-2004       68      0.01425  0.01415  0.50   84442    1195   83844  1411635  16.72
2000-2004       69      0.01591  0.01578  0.50   83247    1314   82590  1327791  15.95
2000-2004       70      0.01767  0.01751  0.50   81933    1435   81216  1245201  15.20
2000-2004       71      0.01945  0.01926  0.50   80498    1551   79723  1163985  14.46
2000-2004       72      0.02163  0.02140  0.50   78947    1689   78103  1084263  13.73
2000-2004       73      0.02410  0.02381  0.50   77258    1840   76338  1006160  13.02
2000-2004       74      0.02695  0.02659  0.50   75419    2005   74416   929821  12.33
2000-2004       75      0.03037  0.02991  0.50   73413    2196   72315   855405  11.65
2000-2004       76      0.03393  0.03336  0.50   71217    2376   70029   783090  11.00
2000-2004       77      0.03817  0.03746  0.50   68841    2578   67552   713061  10.36
2000-2004       78      0.04282  0.04192  0.50   66263    2778   64874   645509   9.74
2000-2004       79      0.04796  0.04683  0.50   63485    2973   61998   580635   9.15
2000-2004       80      0.05378  0.05237  0.50   60511    3169   58927   518637   8.57
2000-2004       81      0.06059  0.05881  0.50   57342    3372   55656   459710   8.02
2000-2004       82      0.06854  0.06627  0.50   53970    3577   52182   404054   7.49
2000-2004       83      0.07722  0.07435  0.50   50394    3747   48520   351872   6.98
2000-2004       84      0.08721  0.08356  0.50   46647    3898   44698   303352   6.50
2000-2004       85      0.09805  0.09347  0.50   42749    3996   40751   258654   6.05
2000-2004       86      0.11083  0.10502  0.50   38753    4070   36719   217903   5.62
2000-2004       87      0.12434  0.11706  0.50   34684    4060   32654   181184   5.22
2000-2004       88      0.13868  0.12969  0.50   30624    3971   28638   148530   4.85
2000-2004       89      0.15351  0.14257  0.50   26652    3800   24752   119892   4.50
2000-2004       90      0.17373  0.15984  0.50   22852    3653   21026    95140   4.16
2000-2004       91      0.19403  0.17687  0.50   19200    3396   17502    74114   3.86
2000-2004       92      0.21589  0.19486  0.50   15804    3079   14264    56612   3.58
2000-2004       93      0.23809  0.21277  0.50   12724    2707   11371    42348   3.33
2000-2004       94      0.26168  0.23141  0.50   10017    2318    8858    30977   3.09
2000-2004       95      0.28810  0.25183  0.50    7699    1939    6730    22119   2.87
2000-2004       96      0.31665  0.27337  0.50    5760    1575    4973    15389   2.67
2000-2004       97      0.34676  0.29552  0.50    4186    1237    3567    10417   2.49
2000-2004       98      0.37825  0.31809  0.50    2949     938    2480     6850   2.32
2000-2004       99      0.41090  0.34087  0.50    2011     685    1668     4370   2.17
2000-2004      100      0.44444  0.36363  0.50    1325     482    1084     2702   2.04
2000-2004      101      0.47857  0.38617  0.50     843     326     681     1618   1.92
2000-2004      102      0.51297  0.40826  0.50     518     211     412      937   1.81
2000-2004      103      0.54731  0.42972  0.50     306     132     241      525   1.71
2000-2004      104      0.58126  0.45037  0.50     175      79     135      284   1.63
2000-2004      105      0.61449  0.47007  0.50      96      45      73      149   1.55
2000-2004      106      0.64672  0.48870  0.50      51      25      38       76   1.49
2000-2004      107      0.67769  0.50618  0.50      26      13      19       37   1.43
2000-2004      108      0.70720  0.52246  0.50      13       7       9       18   1.38
2000-2004      109      0.73507  0.53752  0.50       6       3       4        8   1.34
2000-2004      110+     0.76119  1.00000  1.31       3       3       4        4   1.31
2005-2009        0      0.00344  0.00343  0.14  100000     343   99706  8104000  81.04
2005-2009        1      0.00030  0.00030  0.50   99657      30   99642  8004294  80.32
2005-2009        2      0.00017  0.00017  0.50   99627      17   99618  7904652  79.34
2005-2009        3      0.00015  0.00015  0.50   99610      15   99602  7805033  78.36
2005-2009        4      0.00013  0.00013  0.50   99595      13   99588  7705431  77.37
2005-2009        5      0.00012  0.00012  0.50   99582      12   99576  7605843  76.38
2005-2009        6      0.00010  0.00010  0.50   99570      10   99564  7506267  75.39
2005-2009        7      0.00011  0.00011  0.50   99559      11   99554  7406703  74.39
2005-2009        8      0.00010  0.00010  0.50   99549      10   99544  7307149  73.40
2005-2009        9      0.00008  0.00008  0.50   99539       8   99535  7207605  72.41
2005-2009       10      0.00010  0.00010  0.50   99531      10   99526  7108070  71.42
2005-2009       11      0.00010  0.00010  0.50   99521      10   99516  7008544  70.42
2005-2009       12      0.00012  0.00012  0.50   99511      12   99505  6909028  69.43
2005-2009       13      0.00014  0.00014  0.50   99499      14   99493  6809522  68.44
2005-2009       14      0.00015  0.00015  0.50   99486      15   99479  6710030  67.45
2005-2009       15      0.00022  0.00022  0.50   99471      22   99460  6610551  66.46
2005-2009       16      0.00026  0.00026  0.50   99449      26   99436  6511091  65.47
2005-2009       17      0.00034  0.00034  0.50   99423      33   99406  6411655  64.49
2005-2009       18      0.00039  0.00039  0.50   99389      38   99370  6312249  63.51
2005-2009       19      0.00040  0.00040  0.50   99351      40   99331  6212879  62.53
2005-2009       20      0.00040  0.00040  0.50   99311      40   99291  6113547  61.56
2005-2009       21      0.00039  0.00039  0.50   99272      38   99252  6014256  60.58
2005-2009       22      0.00040  0.00040  0.50   99233      39   99214  5915004  59.61
2005-2009       23      0.00039  0.00039  0.50   99194      39   99174  5815790  58.63
2005-2009       24      0.00041  0.00041  0.50   99155      41   99134  5716616  57.65
2005-2009       25      0.00043  0.00043  0.50   99114      42   99093  5617481  56.68
2005-2009       26      0.00043  0.00043  0.50   99072      42   99051  5518388  55.70
2005-2009       27      0.00043  0.00043  0.50   99030      43   99008  5419338  54.72
2005-2009       28      0.00043  0.00043  0.50   98987      42   98966  5320329  53.75
2005-2009       29      0.00045  0.00045  0.50   98944      45   98922  5221364  52.77
2005-2009       30      0.00048  0.00048  0.50   98900      47   98876  5122442  51.79
2005-2009       31      0.00052  0.00052  0.50   98853      51   98827  5023566  50.82
2005-2009       32      0.00054  0.00054  0.50   98802      53   98775  4924738  49.84
2005-2009       33      0.00058  0.00058  0.50   98749      57   98720  4825963  48.87
2005-2009       34      0.00065  0.00065  0.50   98692      64   98660  4727243  47.90
2005-2009       35      0.00072  0.00072  0.50   98628      71   98592  4628584  46.93
2005-2009       36      0.00080  0.00080  0.50   98557      79   98518  4529991  45.96
2005-2009       37      0.00085  0.00085  0.50   98478      83   98437  4431473  45.00
2005-2009       38      0.00096  0.00096  0.50   98395      95   98348  4333037  44.04
2005-2009       39      0.00107  0.00107  0.50   98300     105   98248  4234689  43.08
2005-2009       40      0.00118  0.00118  0.50   98195     116   98137  4136441  42.12
2005-2009       41      0.00129  0.00129  0.50   98080     126   98017  4038304  41.17
2005-2009       42      0.00143  0.00142  0.50   97953     140   97884  3940287  40.23
2005-2009       43      0.00154  0.00154  0.50   97814     150   97739  3842404  39.28
2005-2009       44      0.00171  0.00171  0.50   97664     167   97580  3744665  38.34
2005-2009       45      0.00190  0.00190  0.50   97497     185   97404  3647085  37.41
2005-2009       46      0.00205  0.00205  0.50   97312     199   97212  3549681  36.48
2005-2009       47      0.00227  0.00227  0.50   97113     221   97002  3452468  35.55
2005-2009       48      0.00243  0.00243  0.50   96892     235   96774  3355466  34.63
2005-2009       49      0.00268  0.00268  0.50   96657     259   96527  3258692  33.71
2005-2009       50      0.00300  0.00299  0.50   96398     288   96254  3162164  32.80
2005-2009       51      0.00316  0.00316  0.50   96109     303   95958  3065911  31.90
2005-2009       52      0.00348  0.00347  0.50   95806     333   95640  2969953  31.00
2005-2009       53      0.00379  0.00378  0.50   95473     361   95293  2874313  30.11
2005-2009       54      0.00417  0.00416  0.50   95112     396   94915  2779021  29.22
2005-2009       55      0.00435  0.00434  0.50   94717     411   94511  2684106  28.34
2005-2009       56      0.00469  0.00468  0.50   94305     442   94085  2589595  27.46
2005-2009       57      0.00513  0.00512  0.50   93864     481   93624  2495510  26.59
2005-2009       58      0.00556  0.00554  0.50   93383     518   93124  2401887  25.72
2005-2009       59      0.00597  0.00595  0.50   92866     553   92589  2308762  24.86
2005-2009       60      0.00660  0.00658  0.50   92313     607   92009  2216173  24.01
2005-2009       61      0.00691  0.00689  0.50   91706     632   91390  2124164  23.16
2005-2009       62      0.00761  0.00758  0.50   91074     691   90729  2032774  22.32
2005-2009       63      0.00803  0.00800  0.50   90383     723   90022  1942045  21.49
2005-2009       64      0.00879  0.00875  0.50   89660     784   89268  1852023  20.66
2005-2009       65      0.00968  0.00964  0.50   88876     856   88448  1762755  19.83
2005-2009       66      0.01043  0.01038  0.50   88020     913   87563  1674307  19.02
2005-2009       67      0.01160  0.01154  0.50   87106    1005   86604  1586744  18.22
2005-2009       68      0.01258  0.01251  0.50   86101    1077   85563  1500141  17.42
2005-2009       69      0.01413  0.01403  0.50   85025    1193   84428  1414578  16.64
2005-2009       70      0.01540  0.01528  0.50   83831    1281   83191  1330150  15.87
2005-2009       71      0.01696  0.01682  0.50   82551    1389   81856  1246959  15.11
2005-2009       72      0.01908  0.01890  0.50   81162    1534   80395  1165102  14.36
2005-2009       73      0.02081  0.02060  0.50   79628    1640   78808  1084708  13.62
2005-2009       74      0.02373  0.02345  0.50   77988    1829   77073  1005900  12.90
2005-2009       75      0.02641  0.02607  0.50   76159    1985   75166   928827  12.20
2005-2009       76      0.02946  0.02903  0.50   74173    2153   73097   853661  11.51
2005-2009       77      0.03329  0.03275  0.50   72020    2359   70841   780564  10.84
2005-2009       78      0.03757  0.03688  0.50   69662    2569   68377   709723  10.19
2005-2009       79      0.04277  0.04188  0.50   67093    2810   65688   641346   9.56
2005-2009       80      0.04861  0.04746  0.50   64283    3051   62758   575658   8.96
2005-2009       81      0.05489  0.05342  0.50   61232    3271   59597   512900   8.38
2005-2009       82      0.06232  0.06044  0.50   57961    3503   56210   453303   7.82
2005-2009       83      0.07044  0.06805  0.50   54458    3706   52605   397094   7.29
2005-2009       84      0.07941  0.07638  0.50   50752    3876   48814   344489   6.79
2005-2009       85      0.09002  0.08614  0.50   46876    4038   44857   295675   6.31
2005-2009       86      0.10232  0.09734  0.50   42838    4170   40753   250817   5.85
2005-2009       87      0.11535  0.10906  0.50   38668    4217   36560   210064   5.43
2005-2009       88      0.13030  0.12233  0.50   34451    4214   32344   173504   5.04
2005-2009       89      0.14621  0.13625  0.50   30237    4120   28177   141160   4.67
2005-2009       90      0.16421  0.15175  0.50   26117    3963   24135   112984   4.33
2005-2009       91      0.18280  0.16750  0.50   22154    3711   20298    88848   4.01
2005-2009       92      0.20380  0.18495  0.50   18443    3411   16737    68550   3.72
2005-2009       93      0.22671  0.20363  0.50   15032    3061   13501    51813   3.45
2005-2009       94      0.24482  0.21812  0.50   11971    2611   10665    38311   3.20
2005-2009       95      0.27630  0.24276  0.50    9360    2272    8224    27646   2.95
2005-2009       96      0.30494  0.26460  0.50    7088    1875    6150    19422   2.74
2005-2009       97      0.33532  0.28717  0.50    5212    1497    4464    13272   2.55
2005-2009       98      0.36726  0.31028  0.50    3715    1153    3139     8808   2.37
2005-2009       99      0.40054  0.33371  0.50    2563     855    2135     5669   2.21
2005-2009      100      0.43489  0.35721  0.50    1707     610    1402     3534   2.07
2005-2009      101      0.47000  0.38056  0.50    1098     418     889     2132   1.94
2005-2009      102      0.50551  0.40352  0.50     680     274     543     1243   1.83
2005-2009      103      0.54107  0.42586  0.50     406     173     319      700   1.73
2005-2009      104      0.57631  0.44739  0.50     233     104     181      381   1.64
2005-2009      105      0.61088  0.46795  0.50     129      60      99      200   1.56
2005-2009      106      0.64443  0.48739  0.50      68      33      52      102   1.49
2005-2009      107      0.67668  0.50561  0.50      35      18      26       50   1.43
2005-2009      108      0.70740  0.52257  0.50      17       9      13       24   1.38
2005-2009      109      0.73637  0.53821  0.50       8       4       6       11   1.34
2005-2009      110+     0.76348  1.00000  1.31       4       4       5        5   1.31
2010-2014        0      0.00294  0.00293  0.14  100000     293   99749  8238708  82.39
2010-2014        1      0.00025  0.00025  0.50   99707      25   99694  8138959  81.63
2010-2014        2      0.00016  0.00016  0.50   99682      16   99674  8039265  80.65
2010-2014        3      0.00011  0.00011  0.50   99666      11   99661  7939591  79.66
2010-2014        4      0.00010  0.00010  0.50   99655      10   99650  7839930  78.67
2010-2014        5      0.00009  0.00009  0.50   99645       9   99641  7740280  77.68
2010-2014        6      0.00008  0.00008  0.50   99636       8   99632  7640639  76.69
2010-2014        7      0.00008  0.00008  0.50   99628       8   99624  7541007  75.69
2010-2014        8      0.00007  0.00007  0.50   99619       7   99616  7441383  74.70
2010-2014        9      0.00009  0.00009  0.50   99613       9   99608  7341767  73.70
2010-2014       10      0.00008  0.00008  0.50   99604       8   99600  7242159  72.71
2010-2014       11      0.00008  0.00008  0.50   99596       8   99592  7142559  71.72
2010-2014       12      0.00009  0.00009  0.50   99589       9   99584  7042967  70.72
2010-2014       13      0.00011  0.00011  0.50   99579      11   99574  6943383  69.73
2010-2014       14      0.00012  0.00012  0.50   99568      12   99563  6843809  68.73
2010-2014       15      0.00013  0.00013  0.50   99557      13   99550  6744246  67.74
2010-2014       16      0.00015  0.00015  0.50   99544      15   99536  6644696  66.75
2010-2014       17      0.00018  0.00018  0.50   99529      18   99519  6545160  65.76
2010-2014       18      0.00023  0.00023  0.50   99510      22   99499  6445641  64.77
2010-2014       19      0.00026  0.00026  0.50   99488      26   99475  6346142  63.79
2010-2014       20      0.00028  0.00028  0.50   99462      28   99448  6246667  62.80
2010-2014       21      0.00027  0.00027  0.50   99434      27   99421  6147218  61.82
2010-2014       22      0.00028  0.00028  0.50   99407      28   99393  6047797  60.84
2010-2014       23      0.00027  0.00027  0.50   99380      27   99366  5948404  59.86
2010-2014       24      0.00027  0.00027  0.50   99353      27   99339  5849038  58.87
2010-2014       25      0.00030  0.00030  0.50   99326      29   99311  5749698  57.89
2010-2014       26      0.00028  0.00028  0.50   99296      28   99282  5650387  56.90
2010-2014       27      0.00031  0.00031  0.50   99268      31   99253  5551105  55.92
2010-2014       28      0.00030  0.00030  0.50   99237      30   99222  5451853  54.94
2010-2014       29      0.00034  0.00034  0.50   99207      34   99191  5352630  53.95
2010-2014       30      0.00037  0.00037  0.50   99174      37   99155  5253440  52.97
2010-2014       31      0.00038  0.00038  0.50   99137      38   99118  5154285  51.99
2010-2014       32      0.00040  0.00040  0.50   99099      39   99079  5055167  51.01
2010-2014       33      0.00044  0.00044  0.50   99060      43   99038  4956088  50.03
2010-2014       34      0.00046  0.00046  0.50   99016      46   98993  4857050  49.05
2010-2014       35      0.00050  0.00050  0.50   98970      49   98946  4758057  48.08
2010-2014       36      0.00054  0.00054  0.50   98921      54   98894  4659111  47.10
2010-2014       37      0.00061  0.00061  0.50   98868      60   98838  4560217  46.12
2010-2014       38      0.00065  0.00065  0.50   98808      65   98775  4461379  45.15
2010-2014       39      0.00075  0.00075  0.50   98743      74   98706  4362603  44.18
2010-2014       40      0.00085  0.00085  0.50   98669      83   98627  4263897  43.21
2010-2014       41      0.00093  0.00093  0.50   98586      92   98540  4165270  42.25
2010-2014       42      0.00106  0.00106  0.50   98494     104   98442  4066730  41.29
2010-2014       43      0.00122  0.00122  0.50   98390     120   98330  3968288  40.33
2010-2014       44      0.00136  0.00136  0.50   98270     134   98203  3869958  39.38
2010-2014       45      0.00152  0.00152  0.50   98136     149   98062  3771755  38.43
2010-2014       46      0.00168  0.00168  0.50   97987     165   97905  3673694  37.49
2010-2014       47      0.00191  0.00191  0.50   97822     187   97729  3575789  36.55
2010-2014       48      0.00212  0.00212  0.50   97635     207   97532  3478060  35.62
2010-2014       49      0.00236  0.00236  0.50   97428     230   97313  3380529  34.70
2010-2014       50      0.00255  0.00255  0.50   97199     248   97075  3283215  33.78
2010-2014       51      0.00287  0.00286  0.50   96951     278   96812  3186140  32.86
2010-2014       52      0.00320  0.00319  0.50   96673     309   96519  3089328  31.96
2010-2014       53      0.00339  0.00338  0.50   96364     326   96201  2992810  31.06
2010-2014       54      0.00370  0.00369  0.50   96038     354   95861  2896608  30.16
2010-2014       55      0.00399  0.00398  0.50   95684     381   95494  2800747  29.27
2010-2014       56      0.00444  0.00443  0.50   95303     422   95092  2705253  28.39
2010-2014       57      0.00480  0.00479  0.50   94881     454   94654  2610161  27.51
2010-2014       58      0.00510  0.00509  0.50   94427     481   94186  2515507  26.64
2010-2014       59      0.00560  0.00559  0.50   93946     525   93684  2421321  25.77
2010-2014       60      0.00606  0.00604  0.50   93421     565   93139  2327638  24.92
2010-2014       61      0.00643  0.00641  0.50   92857     595   92559  2234499  24.06
2010-2014       62      0.00698  0.00695  0.50   92262     641   91941  2141939  23.22
2010-2014       63      0.00756  0.00754  0.50   91620     690   91275  2049998  22.37
2010-2014       64      0.00805  0.00802  0.50   90930     729   90566  1958723  21.54
2010-2014       65      0.00875  0.00871  0.50   90201     786   89808  1868158  20.71
2010-2014       66      0.00942  0.00938  0.50   89415     839   88996  1778349  19.89
2010-2014       67      0.01025  0.01019  0.50   88577     903   88125  1689353  19.07
2010-2014       68      0.01120  0.01114  0.50   87674     977   87185  1601228  18.26
2010-2014       69      0.01228  0.01220  0.50   86697    1058   86168  1514042  17.46
2010-2014       70      0.01361  0.01352  0.50   85639    1158   85060  1427874  16.67
2010-2014       71      0.01478  0.01467  0.50   84481    1239   83862  1342814  15.89
2010-2014       72      0.01638  0.01625  0.50   83242    1352   82566  1258952  15.12
2010-2014       73      0.01835  0.01818  0.50   81890    1489   81145  1176386  14.37
2010-2014       74      0.02042  0.02021  0.50   80401    1625   79588  1095241  13.62
2010-2014       75      0.02306  0.02280  0.50   78776    1796   77878  1015652  12.89
2010-2014       76      0.02541  0.02509  0.50   76980    1931   76014   937774  12.18
2010-2014       77      0.02876  0.02835  0.50   75049    2128   73985   861760  11.48
2010-2014       78      0.03226  0.03174  0.50   72921    2315   71764   787775  10.80
2010-2014       79      0.03678  0.03612  0.50   70606    2550   69331   716012  10.14
2010-2014       80      0.04197  0.04110  0.50   68056    2797   66658   646680   9.50
2010-2014       81      0.04765  0.04654  0.50   65259    3037   63740   580023   8.89
2010-2014       82      0.05407  0.05264  0.50   62221    3276   60584   516283   8.30
2010-2014       83      0.06201  0.06014  0.50   58946    3545   57173   455699   7.73
2010-2014       84      0.07013  0.06775  0.50   55401    3754   53524   398526   7.19
2010-2014       85      0.08026  0.07716  0.50   51647    3985   49655   345002   6.68
2010-2014       86      0.09096  0.08700  0.50   47662    4147   45589   295347   6.20
2010-2014       87      0.10330  0.09823  0.50   43515    4274   41378   249759   5.74
2010-2014       88      0.11845  0.11183  0.50   39241    4388   37047   208381   5.31
2010-2014       89      0.13275  0.12449  0.50   34853    4339   32683   171334   4.92
2010-2014       90      0.15097  0.14038  0.50   30514    4283   28372   138651   4.54
2010-2014       91      0.17018  0.15683  0.50   26230    4114   24173   110279   4.20
2010-2014       92      0.18888  0.17258  0.50   22117    3817   20208    86106   3.89
2010-2014       93      0.21035  0.19033  0.50   18300    3483   16558    65898   3.60
2010-2014       94      0.23264  0.20840  0.50   14817    3088   13273    49339   3.33
2010-2014       95      0.26013  0.23019  0.50   11729    2700   10379    36067   3.08
2010-2014       96      0.28861  0.25222  0.50    9029    2277    7890    25688   2.84
2010-2014       97      0.31902  0.27514  0.50    6752    1858    5823    17797   2.64
2010-2014       98      0.35122  0.29875  0.50    4894    1462    4163    11974   2.45
2010-2014       99      0.38498  0.32284  0.50    3432    1108    2878     7811   2.28
2010-2014      100      0.42006  0.34715  0.50    2324     807    1921     4933   2.12
2010-2014      101      0.45611  0.37141  0.50    1517     564    1235     3013   1.99
2010-2014      102      0.49277  0.39536  0.50     954     377     765     1777   1.86
2010-2014      103      0.52964  0.41875  0.50     577     241     456     1012   1.75
2010-2014      104      0.56632  0.44135  0.50     335     148     261      556   1.66
2010-2014      105      0.60240  0.46296  0.50     187      87     144      295   1.57
2010-2014      106      0.63750  0.48341  0.50     101      49      76      151   1.50
2010-2014      107      0.67128  0.50259  0.50      52      26      39       75   1.44
2010-2014      108      0.70346  0.52041  0.50      26      13      19       36   1.38
2010-2014      109      0.73379  0.53683  0.50      12       7       9       17   1.34
2010-2014      110+     0.76213  1.00000  1.31       6       6       8        8   1.31
2015-2019        0      0.00264  0.00263  0.14  100000     263   99775  8304299  83.04
2015-2019        1      0.00022  0.00022  0.50   99737      22   99726  8204524  82.26
2015-2019        2      0.00012  0.00012  0.50   99715      12   99709  8104798  81.28
2015-2019        3      0.00009  0.00009  0.50   99703       9   99698  8005089  80.29
2015-2019        4      0.00009  0.00009  0.50   99694       9   99690  7905391  79.30
2015-2019        5      0.00008  0.00008  0.50   99685       8   99682  7805701  78.30
2015-2019        6      0.00007  0.00007  0.50   99678       7   99674  7706020  77.31
2015-2019        7      0.00006  0.00006  0.50   99671       6   99668  7606345  76.31
2015-2019        8      0.00007  0.00007  0.50   99665       7   99661  7506678  75.32
2015-2019        9      0.00007  0.00007  0.50   99657       7   99654  7407017  74.32
2015-2019       10      0.00007  0.00007  0.50   99651       7   99647  7307363  73.33
2015-2019       11      0.00007  0.00007  0.50   99644       7   99640  7207716  72.33
2015-2019       12      0.00007  0.00007  0.50   99637       7   99633  7108075  71.34
2015-2019       13      0.00009  0.00009  0.50   99630       9   99625  7008442  70.34
2015-2019       14      0.00010  0.00010  0.50   99621      10   99616  6908817  69.35
2015-2019       15      0.00012  0.00012  0.50   99611      12   99605  6809201  68.36
2015-2019       16      0.00016  0.00016  0.50   99599      15   99591  6709597  67.37
2015-2019       17      0.00016  0.00016  0.50   99583      16   99575  6610006  66.38
2015-2019       18      0.00020  0.00020  0.50   99567      19   99558  6510430  65.39
2015-2019       19      0.00022  0.00022  0.50   99548      22   99537  6410873  64.40
2015-2019       20      0.00023  0.00023  0.50   99526      22   99515  6311336  63.41
2015-2019       21      0.00023  0.00023  0.50   99504      22   99493  6211820  62.43
2015-2019       22      0.00023  0.00023  0.50   99481      23   99470  6112328  61.44
2015-2019       23      0.00026  0.00026  0.50   99459      26   99446  6012858  60.46
2015-2019       24      0.00026  0.00026  0.50   99433      26   99420  5913412  59.47
2015-2019       25      0.00027  0.00027  0.50   99407      27   99393  5813992  58.49
2015-2019       26      0.00028  0.00028  0.50   99380      28   99366  5714599  57.50
2015-2019       27      0.00029  0.00029  0.50   99352      29   99338  5615233  56.52
2015-2019       28      0.00030  0.00030  0.50   99323      30   99308  5515895  55.53
2015-2019       29      0.00033  0.00033  0.50   99294      33   99277  5416587  54.55
2015-2019       30      0.00034  0.00034  0.50   99261      34   99244  5317309  53.57
2015-2019       31      0.00035  0.00035  0.50   99227      35   99210  5218065  52.59
2015-2019       32      0.00036  0.00036  0.50   99192      36   99175  5118855  51.61
2015-2019       33      0.00038  0.00038  0.50   99157      38   99138  5019681  50.62
2015-2019       34      0.00042  0.00042  0.50   99119      42   99098  4920543  49.64
2015-2019       35      0.00045  0.00045  0.50   99077      45   99055  4821445  48.66
2015-2019       36      0.00049  0.00049  0.50   99032      48   99008  4722390  47.69
2015-2019       37      0.00052  0.00052  0.50   98984      52   98958  4623382  46.71
2015-2019       38      0.00058  0.00058  0.50   98932      57   98904  4524423  45.73
2015-2019       39      0.00063  0.00063  0.50   98875      62   98844  4425520  44.76
2015-2019       40      0.00070  0.00070  0.50   98813      70   98778  4326676  43.79
2015-2019       41      0.00077  0.00077  0.50   98743      76   98706  4227898  42.82
2015-2019       42      0.00084  0.00084  0.50   98668      83   98626  4129192  41.85
2015-2019       43      0.00097  0.00097  0.50   98585      95   98537  4030566  40.88
2015-2019       44      0.00103  0.00102  0.50   98489     101   98439  3932029  39.92
2015-2019       45      0.00121  0.00121  0.50   98388     119   98329  3833590  38.96
2015-2019       46      0.00134  0.00134  0.50   98269     132   98203  3735261  38.01
2015-2019       47      0.00159  0.00159  0.50   98138     156   98060  3637058  37.06
2015-2019       48      0.00180  0.00180  0.50   97982     176   97893  3538998  36.12
2015-2019       49      0.00197  0.00197  0.50   97805     193   97709  3441105  35.18
2015-2019       50      0.00225  0.00224  0.50   97612     219   97503  3343396  34.25
2015-2019       51      0.00255  0.00254  0.50   97393     248   97270  3245893  33.33
2015-2019       52      0.00281  0.00280  0.50   97146     272   97009  3148623  32.41
2015-2019       53      0.00308  0.00307  0.50   96873     297   96724  3051614  31.50
2015-2019       54      0.00343  0.00343  0.50   96576     331   96410  2954889  30.60
2015-2019       55      0.00373  0.00373  0.50   96245     359   96065  2858479  29.70
2015-2019       56      0.00414  0.00413  0.50   95886     396   95688  2762414  28.81
2015-2019       57      0.00452  0.00451  0.50   95490     431   95274  2666726  27.93
2015-2019       58      0.00486  0.00484  0.50   95059     460   94829  2571452  27.05
2015-2019       59      0.00534  0.00532  0.50   94598     503   94347  2476623  26.18
2015-2019       60      0.00581  0.00579  0.50   94095     545   93823  2382277  25.32
2015-2019       61      0.00628  0.00626  0.50   93550     586   93257  2288454  24.46
2015-2019       62      0.00681  0.00679  0.50   92964     631   92649  2195197  23.61
2015-2019       63      0.00738  0.00735  0.50   92333     679   91993  2102548  22.77
2015-2019       64      0.00790  0.00787  0.50   91654     722   91293  2010555  21.94
2015-2019       65      0.00854  0.00850  0.50   90932     773   90546  1919261  21.11
2015-2019       66      0.00933  0.00929  0.50   90159     837   89741  1828716  20.28
2015-2019       67      0.01003  0.00998  0.50   89322     892   88876  1738975  19.47
2015-2019       68      0.01081  0.01075  0.50   88431     950   87955  1650098  18.66
2015-2019       69      0.01178  0.01171  0.50   87480    1025   86968  1562143  17.86
2015-2019       70      0.01283  0.01275  0.50   86456    1102   85905  1475175  17.06
2015-2019       71      0.01421  0.01411  0.50   85354    1204   84752  1389270  16.28
2015-2019       72      0.01544  0.01532  0.50   84150    1289   83505  1304518  15.50
2015-2019       73      0.01699  0.01684  0.50   82860    1396   82163  1221013  14.74
2015-2019       74      0.01899  0.01881  0.50   81465    1533   80698  1138851  13.98
2015-2019       75      0.02094  0.02072  0.50   79932    1656   79104  1058153  13.24
2015-2019       76      0.02350  0.02323  0.50   78276    1818   77366   979049  12.51
2015-2019       77      0.02656  0.02621  0.50   76457    2004   75455   901682  11.79
2015-2019       78      0.02986  0.02942  0.50   74453    2190   73358   826227  11.10
2015-2019       79      0.03393  0.03336  0.50   72263    2411   71058   752869  10.42
2015-2019       80      0.03864  0.03791  0.50   69852    2648   68528   681811   9.76
2015-2019       81      0.04405  0.04310  0.50   67204    2897   65756   613283   9.13
2015-2019       82      0.05010  0.04888  0.50   64307    3143   62736   547527   8.51
2015-2019       83      0.05707  0.05549  0.50   61164    3394   59467   484792   7.93
2015-2019       84      0.06581  0.06371  0.50   57770    3681   55930   425325   7.36
2015-2019       85      0.07544  0.07270  0.50   54089    3932   52123   369395   6.83
2015-2019       86      0.08581  0.08228  0.50   50157    4127   48094   317272   6.33
2015-2019       87      0.09838  0.09377  0.50   46030    4316   43872   269178   5.85
2015-2019       88      0.11176  0.10584  0.50   41714    4415   39506   225306   5.40
2015-2019       89      0.12839  0.12065  0.50   37299    4500   35049   185799   4.98
2015-2019       90      0.14695  0.13689  0.50   32799    4490   30554   150750   4.60
2015-2019       91      0.16482  0.15227  0.50   28309    4311   26154   120197   4.25
2015-2019       92      0.18497  0.16931  0.50   23998    4063   21967    94043   3.92
2015-2019       93      0.20834  0.18868  0.50   19935    3761   18054    72076   3.62
2015-2019       94      0.23104  0.20711  0.50   16174    3350   14499    54022   3.34
2015-2019       95      0.25760  0.22821  0.50   12824    2927   11361    39523   3.08
2015-2019       96      0.28686  0.25088  0.50    9897    2483    8656    28162   2.85
2015-2019       97      0.31818  0.27451  0.50    7414    2035    6397    19506   2.63
2015-2019       98      0.35139  0.29888  0.50    5379    1608    4575    13110   2.44
2015-2019       99      0.38627  0.32374  0.50    3771    1221    3161     8535   2.26
2015-2019      100      0.42252  0.34883  0.50    2550     890    2106     5374   2.11
2015-2019      101      0.45980  0.37385  0.50    1661     621    1350     3268   1.97
2015-2019      102      0.49769  0.39852  0.50    1040     414     833     1918   1.84
2015-2019      103      0.53576  0.42256  0.50     625     264     493     1085   1.73
2015-2019      104      0.57355  0.44573  0.50     361     161     281      592   1.64
2015-2019      105      0.61063  0.46780  0.50     200      94     153      311   1.55
2015-2019      106      0.64658  0.48862  0.50     107      52      81      158   1.48
2015-2019      107      0.68104  0.50804  0.50      54      28      41       77   1.42
2015-2019      108      0.71372  0.52601  0.50      27      14      20       37   1.36
2015-2019      109      0.74437  0.54247  0.50      13       7       9       17   1.32
2015-2019      110+     0.77283  1.00000  1.29       6       6       8        8   1.29
2020-2023        0      0.00255  0.00254  0.14  100000     254   99783  8300080  83.00
2020-2023        1      0.00021  0.00021  0.50   99746      21   99735  8200297  82.21
2020-2023        2      0.00014  0.00014  0.50   99725      14   99718  8100562  81.23
2020-2023        3      0.00011  0.00011  0.50   99711      11   99706  8000844  80.24
2020-2023        4      0.00009  0.00009  0.50   99700       9   99696  7901138  79.25
2020-2023        5      0.00008  0.00008  0.50   99691       8   99687  7801442  78.26
2020-2023        6      0.00007  0.00007  0.50   99683       7   99680  7701755  77.26
2020-2023        7      0.00007  0.00007  0.50   99676       7   99673  7602075  76.27
2020-2023        8      0.00008  0.00008  0.50   99669       8   99665  7502402  75.27
2020-2023        9      0.00006  0.00006  0.50   99662       6   99659  7402737  74.28
2020-2023       10      0.00007  0.00007  0.50   99656       7   99653  7303078  73.28
2020-2023       11      0.00008  0.00008  0.50   99649       7   99645  7203426  72.29
2020-2023       12      0.00008  0.00008  0.50   99642       7   99638  7103780  71.29
2020-2023       13      0.00008  0.00008  0.50   99634       8   99630  7004142  70.30
2020-2023       14      0.00011  0.00011  0.50   99626      11   99621  6904512  69.30
2020-2023       15      0.00012  0.00012  0.50   99615      12   99610  6804892  68.31
2020-2023       16      0.00014  0.00014  0.50   99604      14   99597  6705282  67.32
2020-2023       17      0.00016  0.00016  0.50   99590      16   99582  6605685  66.33
2020-2023       18      0.00020  0.00020  0.50   99574      19   99564  6506103  65.34
2020-2023       19      0.00023  0.00023  0.50   99554      23   99543  6406539  64.35
2020-2023       20      0.00025  0.00025  0.50   99531      25   99519  6306996  63.37
2020-2023       21      0.00027  0.00027  0.50   99507      26   99494  6207477  62.38
2020-2023       22      0.00026  0.00026  0.50   99480      26   99467  6107983  61.40
2020-2023       23      0.00026  0.00026  0.50   99454      26   99441  6008516  60.41
2020-2023       24      0.00029  0.00029  0.50   99428      29   99414  5909075  59.43
2020-2023       25      0.00031  0.00031  0.50   99399      31   99384  5809661  58.45
2020-2023       26      0.00027  0.00027  0.50   99368      27   99355  5710278  57.47
2020-2023       27      0.00030  0.00030  0.50   99342      30   99327  5610922  56.48
2020-2023       28      0.00030  0.00030  0.50   99312      30   99297  5511596  55.50
2020-2023       29      0.00032  0.00032  0.50   99282      32   99266  5412299  54.51
2020-2023       30      0.00037  0.00037  0.50   99250      37   99232  5313033  53.53
2020-2023       31      0.00037  0.00037  0.50   99213      36   99195  5213801  52.55
2020-2023       32      0.00041  0.00041  0.50   99177      41   99156  5114606  51.57
2020-2023       33      0.00044  0.00044  0.50   99136      44   99114  5015450  50.59
2020-2023       34      0.00047  0.00047  0.50   99092      47   99069  4916336  49.61
2020-2023       35      0.00047  0.00047  0.50   99045      47   99022  4817267  48.64
2020-2023       36      0.00051  0.00051  0.50   98998      50   98973  4718245  47.66
2020-2023       37      0.00058  0.00058  0.50   98948      57   98920  4619272  46.68
2020-2023       38      0.00060  0.00060  0.50   98891      59   98862  4520352  45.71
2020-2023       39      0.00065  0.00065  0.50   98832      65   98800  4421490  44.74
2020-2023       40      0.00075  0.00075  0.50   98767      74   98730  4322690  43.77
2020-2023       41      0.00079  0.00079  0.50   98694      78   98655  4223960  42.80
2020-2023       42      0.00084  0.00084  0.50   98616      82   98575  4125305  41.83
2020-2023       43      0.00094  0.00094  0.50   98533      93   98487  4026731  40.87
2020-2023       44      0.00103  0.00103  0.50   98441     101   98390  3928243  39.90
2020-2023       45      0.00114  0.00114  0.50   98339     112   98283  3829853  38.95
2020-2023       46      0.00127  0.00127  0.50   98228     125   98165  3731570  37.99
2020-2023       47      0.00138  0.00138  0.50   98103     135   98035  3633405  37.04
2020-2023       48      0.00158  0.00158  0.50   97968     155   97890  3535369  36.09
2020-2023       49      0.00178  0.00178  0.50   97813     174   97726  3437479  35.14
2020-2023       50      0.00199  0.00199  0.50   97639     194   97542  3339753  34.21
2020-2023       51      0.00229  0.00228  0.50   97445     223   97334  3242211  33.27
2020-2023       52      0.00255  0.00255  0.50   97222     248   97098  3144877  32.35
2020-2023       53      0.00293  0.00293  0.50   96975     284   96833  3047779  31.43
2020-2023       54      0.00318  0.00317  0.50   96691     307   96537  2950946  30.52
2020-2023       55      0.00357  0.00356  0.50   96384     343   96213  2854409  29.61
2020-2023       56      0.00395  0.00394  0.50   96041     379   95852  2758196  28.72
2020-2023       57      0.00438  0.00437  0.50   95662     418   95454  2662344  27.83
2020-2023       58      0.00479  0.00478  0.50   95245     455   95017  2566891  26.95
2020-2023       59      0.00527  0.00526  0.50   94789     499   94540  2471874  26.08
2020-2023       60      0.00580  0.00579  0.50   94291     546   94018  2377334  25.21
2020-2023       61      0.00637  0.00635  0.50   93745     595   93447  2283316  24.36
2020-2023       62      0.00695  0.00692  0.50   93150     645   92828  2189869  23.51
2020-2023       63      0.00767  0.00764  0.50   92505     707   92152  2097042  22.67
2020-2023       64      0.00826  0.00822  0.50   91799     755   91421  2004890  21.84
2020-2023       65      0.00909  0.00905  0.50   91044     824   90632  1913469  21.02
2020-2023       66      0.00962  0.00957  0.50   90220     864   89788  1822837  20.20
2020-2023       67      0.01068  0.01062  0.50   89356     949   88882  1733048  19.39
2020-2023       68      0.01133  0.01127  0.50   88407     996   87909  1644166  18.60
2020-2023       69      0.01247  0.01239  0.50   87411    1083   86870  1556257  17.80
2020-2023       70      0.01338  0.01329  0.50   86328    1148   85754  1469387  17.02
2020-2023       71      0.01457  0.01447  0.50   85181    1232   84564  1383633  16.24
2020-2023       72      0.01604  0.01591  0.50   83948    1336   83280  1299069  15.47
2020-2023       73      0.01756  0.01741  0.50   82612    1438   81893  1215788  14.72
2020-2023       74      0.01969  0.01950  0.50   81174    1583   80383  1133895  13.97
2020-2023       75      0.02171  0.02148  0.50   79592    1710   78737  1053512  13.24
2020-2023       76      0.02417  0.02389  0.50   77882    1860   76952   974775  12.52
2020-2023       77      0.02705  0.02669  0.50   76022    2029   75007   897823  11.81
2020-2023       78      0.03019  0.02974  0.50   73993    2200   72893   822816  11.12
2020-2023       79      0.03405  0.03348  0.50   71793    2404   70591   749923  10.45
2020-2023       80      0.03826  0.03754  0.50   69389    2605   68087   679332   9.79
2020-2023       81      0.04350  0.04258  0.50   66784    2843   65362   611246   9.15
2020-2023       82      0.05000  0.04878  0.50   63941    3119   62381   545883   8.54
2020-2023       83      0.05689  0.05532  0.50   60822    3365   59139   483502   7.95
2020-2023       84      0.06578  0.06369  0.50   57457    3659   55628   424363   7.39
2020-2023       85      0.07471  0.07202  0.50   53798    3874   51861   368735   6.85
2020-2023       86      0.08509  0.08162  0.50   49923    4075   47886   316875   6.35
2020-2023       87      0.09708  0.09259  0.50   45849    4245   43726   268988   5.87
2020-2023       88      0.11193  0.10600  0.50   41604    4410   39399   225262   5.41
2020-2023       89      0.12735  0.11972  0.50   37194    4453   34967   185863   5.00
2020-2023       90      0.14572  0.13582  0.50   32741    4447   30517   150896   4.61
2020-2023       91      0.16519  0.15258  0.50   28294    4317   26135   120378   4.25
2020-2023       92      0.18593  0.17012  0.50   23977    4079   21937    94243   3.93
2020-2023       93      0.20592  0.18670  0.50   19898    3715   18040    72306   3.63
2020-2023       94      0.22984  0.20615  0.50   16183    3336   14515    54265   3.35
2020-2023       95      0.25658  0.22741  0.50   12847    2921   11386    39750   3.09
2020-2023       96      0.28559  0.24991  0.50    9925    2480    8685    28364   2.86
2020-2023       97      0.31662  0.27335  0.50    7445    2035    6427    19679   2.64
2020-2023       98      0.34951  0.29752  0.50    5410    1610    4605    13251   2.45
2020-2023       99      0.38405  0.32218  0.50    3800    1224    3188     8646   2.28
2020-2023      100      0.41995  0.34707  0.50    2576     894    2129     5458   2.12
2020-2023      101      0.45688  0.37192  0.50    1682     626    1369     3329   1.98
2020-2023      102      0.49443  0.39643  0.50    1056     419     847     1960   1.86
2020-2023      103      0.53220  0.42035  0.50     638     268     504     1113   1.75
2020-2023      104      0.56974  0.44342  0.50     370     164     288      609   1.65
2020-2023      105      0.60662  0.46544  0.50     206      96     158      322   1.56
2020-2023      106      0.64243  0.48624  0.50     110      53      83      164   1.49
2020-2023      107      0.67682  0.50569  0.50      56      29      42       80   1.42
2020-2023      108      0.70949  0.52371  0.50      28      15      21       38   1.37
2020-2023      109      0.74020  0.54025  0.50      13       7      10       18   1.33
2020-2023      110+     0.76877  1.00000  1.30       6       6       8        8   1.30
